sample_id,noisy_filename,clean_filename,noise_filename,noise_category,target_snr_db,measured_snr_db,snr_error_db,duration_sec,sample_rate,channels,bit_depth,clean_rms,noise_rms_before_scaling,noise_scaling_factor,flag_large_snr_error,gender,age_group,primary_language,native_place_state,native_place_district,highest_qualification,job_category,occupation_domain
S0001,S0001_snr_-5dB_armored_vehicle.wav,male_0777.wav,kave_msri-tank-moving-sfx-319878.mp3,armored_vehicle,-5,-5.0,0.0,4.16,16000,1,16,0.046681,0.339226,0.23828243,False,Male,30-45,Maithili,Bihar,Samastipur,Doctoral (PhD) or higher level,Full Time,Education and Research
S0002,S0002_snr_-5dB_armored_vehicle.wav,male_0508.wav,mixkit-tractor-driving-away-1599.wav,armored_vehicle,-5,-5.0,-0.0,3.3712,16000,1,16,0.060158,0.128802,2.04775748,False,Male,30-45,Bodo,Assam,Kokrajhar,Post Graduate,Other,Education and Research
S0003,S0003_snr_-5dB_armored_vehicle.wav,male_0896.wav,the-sound-of-driving-inside-the-tank.mp3,armored_vehicle,-5,-5.0,0.0,4.1998,16000,1,16,0.020996,0.119043,0.19384084,False,Male,30-45,Kannada,Karnataka,Bangalore Urban,Post Graduate,Full Time,Education and Research
S0004,S0004_snr_-5dB_armored_vehicle.wav,male_0923.wav,freesound_community-chugging-diesel-bus-and-rev-23478.mp3,armored_vehicle,-5,-5.0,0.0,10.4587,16000,1,16,0.079413,0.141161,0.99105651,False,Male,45-60,Nepali,Meghalaya,Ri Bhoi,Post Graduate,Full Time,Education and Research
S0005,S0005_snr_-5dB_armored_vehicle.wav,male_0034.wav,spinopel-delivery-truck-starts-moving-456313.mp3,armored_vehicle,-5,-5.0,0.0,3.8727,16000,1,16,0.172055,0.101154,2.55954247,False,Male,30-45,Urdu,Gujarat,Ahmedabad,Graduate,Full Time,Technology and Services
S0006,S0006_snr_-5dB_armored_vehicle.wav,male_0484.wav,freesound_community-general-noise-vehicle-interior-73739.mp3,armored_vehicle,-5,-5.0,0.0,4.5999,16000,1,16,0.112273,0.027394,7.45759377,False,Male,30-45,Hindi,Gujarat,Vadodara,Post Graduate,Full Time,Information and Media
S0007,S0007_snr_-5dB_armored_vehicle.wav,male_0086.wav,sound-from-inside-a-damaged-tank-while-driving.mp3,armored_vehicle,-5,-5.0,-0.0,7.2838,16000,1,16,0.108961,0.076646,2.46133138,False,Male,18-30,Assamese,Assam,Kamrup Metropolitan,Post Graduate,Full Time,Education and Research
S0008,S0008_snr_-5dB_armored_vehicle.wav,male_0751.wav,freesound_community-driving-tank-engine-88503 (1).mp3,armored_vehicle,-5,-5.0,0.0,18.0237,16000,1,16,0.111372,0.131287,1.50929171,False,Male,18-30,Nepali,West Bengal,Kalimpong,Post Graduate,Part Time,Social service
S0009,S0009_snr_-5dB_armored_vehicle.wav,male_0355.wav,started-engine-of-military-equipment.mp3,armored_vehicle,-5,-5.0,0.0,7.04,16000,1,16,0.143298,0.259224,1.06655019,False,Male,18-30,Nepali,West Bengal,Kalimpong,Post Graduate,Part Time,Social service
S0010,S0010_snr_-5dB_armored_vehicle.wav,male_0524.wav,the-tank-passes-the-sounds-of-caterpillars.mp3,armored_vehicle,-5,-5.0,-0.0,3.78,16000,1,16,0.100619,0.04002,1.88826484,False,Male,30-45,Malayalam,Kerala,Palakkad,Post Graduate,Full Time,Technology and Services
S0011,S0011_snr_-5dB_armored_vehicle.wav,male_0185.wav,chrysalyn-bus-starting-engine-and-driving-away-sound-effect-538184.mp3,armored_vehicle,-5,-5.0,0.0,9.36,16000,1,16,0.063169,0.219868,0.51003819,False,Male,45-60,Malayalam,Kerala,Pathanamthitta,Graduate,Full Time,Government
S0012,S0012_snr_-5dB_armored_vehicle.wav,male_0810.wav,182793__qubodup__military-vehicle-humming.flac,armored_vehicle,-5,-5.0,0.0,17.8625,16000,1,16,0.114376,0.172256,1.1871598,False,Male,30-45,Gujarati,Gujarat,Sabarkantha,Post Graduate,Part Time,Education and Research
S0013,S0013_snr_-5dB_armored_vehicle.wav,male_0419.wav,magiaz-war_tank-481284.mp3,armored_vehicle,-5,-5.0,-0.0,4.6111,16000,1,16,0.031049,0.175346,0.30185396,False,Male,30-45,Maithili,Bihar,Darbhanga,Post Graduate,Full Time,Education and Research
S0014,S0014_snr_-5dB_armored_vehicle.wav,male_0616.wav,"Tank column, the movement of a group of tanks (1).mp3",armored_vehicle,-5,-5.0,0.0,29.6518,16000,1,16,0.020576,0.146627,0.24532545,False,Male,30-45,Malayalam,Kerala,Palakkad,Post Graduate,Full Time,Technology and Services
S0015,S0015_snr_-5dB_armored_vehicle.wav,male_0683.wav,Movement of tank with creaking of caterpillars.mp3,armored_vehicle,-5,-5.0,0.0,7.16,16000,1,16,0.093476,0.086091,1.73683773,False,Male,18-30,Nepali,West Bengal,Kalimpong,Post Graduate,Part Time,Social service
S0016,S0016_snr_-5dB_armored_vehicle.wav,male_0502.wav,freesound_community-military-vehicle-humming-33760 (1).mp3,armored_vehicle,-5,-5.0,0.0,4.2895,16000,1,16,0.084464,0.155391,0.95129601,False,Male,45-60,Malayalam,Kerala,Pathanamthitta,Graduate,Full Time,Government
S0017,S0017_snr_-5dB_armored_vehicle.wav,male_0761.wav,freesound_community-2019-09-ww-ii-army-trucks-mixdown-waalre-52297.mp3,armored_vehicle,-5,-5.0,0.0,5.005,16000,1,16,0.083043,0.066907,4.41788887,False,Male,45-60,Telugu,Telangana,Hyderabad,Doctoral (PhD) or higher level,Full Time,Education and Research
S0018,S0018_snr_-5dB_armored_vehicle.wav,male_0050.wav,the-sound-of-pouring-liquid-from-a-tank-truck.mp3,armored_vehicle,-5,-5.0,-0.0,4.0299,16000,1,16,0.071828,0.353508,0.36014535,False,Male,60+,Konkani,Goa,North Goa,Graduate,Full Time,Financial Services (Banking and Insurance)
S0019,S0019_snr_-5dB_armored_vehicle.wav,male_0733.wav,magiaz-guerra-434777.mp3,armored_vehicle,-5,-5.0,0.0,7.0358,16000,1,16,0.010022,0.043261,0.38549155,False,Male,18-30,Bodo,Assam,Kokrajhar,Post Graduate,Part Time,Education and Research
S0020,S0020_snr_-5dB_armored_vehicle.wav,male_0337.wav,lesiakower-diesel-engine-idle-bus-engine-idling-408780.mp3,armored_vehicle,-5,-5.0,0.0,11.0451,16000,1,16,0.027193,0.168971,0.28632042,False,Male,30-45,Maithili,Bihar,Darbhanga,Post Graduate,Full Time,Education and Research
S0021,S0021_snr_-5dB_armored_vehicle.wav,male_0451.wav,"1914-18_ tank starts, drives off and roars at speed.mp3",armored_vehicle,-5,-5.0,0.0,9.8691,16000,1,16,0.021598,0.082511,0.29467018,False,Male,60+,Bengali,West Bengal,South 24 Parganas,Post Graduate,Other,Financial Services (Banking and Insurance)
S0022,S0022_snr_-5dB_armored_vehicle.wav,male_0791.wav,mixkit-very-old-war-tank-2756.wav,armored_vehicle,-5,-5.0,0.0,12.6134,16000,1,16,0.086407,0.08289,1.85041244,False,Male,30-45,Assamese,Assam,Nagaon,Post Graduate,Full Time,Education and Research
S0023,S0023_snr_-5dB_armored_vehicle.wav,male_0351.wav,tracked-tank-rides-metal-grinding.mp3,armored_vehicle,-5,-5.0,-0.0,4.4001,16000,1,16,0.134982,0.083532,2.57388516,False,Male,30-45,Urdu,Gujarat,Ahmedabad,Graduate,Full Time,Technology and Services
S0024,S0024_snr_-5dB_armored_vehicle.wav,male_0468.wav,Tank in motion_ creaking and grinding of caterpillars.mp3,armored_vehicle,-5,-5.0,-0.0,3.246,16000,1,16,0.016898,0.109602,0.23305186,False,Male,18-30,Bodo,Assam,Kokrajhar,Post Graduate,Part Time,Education and Research
S0025,S0025_snr_-5dB_artillery.wav,male_0623.wav,freesound_community-minigun-95091.mp3,artillery,-5,-5.0,0.0,10.08,16000,1,16,0.125317,0.143499,1.53677645,False,Male,18-30,Nepali,West Bengal,Kalimpong,Post Graduate,Part Time,Social service
S0026,S0026_snr_-5dB_artillery.wav,male_0477.wav,freesound_community-distant-cannon-fire-simulated-36464.mp3,artillery,-5,-5.0,-0.0,5.8096,16000,1,16,0.102548,0.029745,7.19293918,False,Male,30-45,Bengali,West Bengal,Kolkata,Graduate,Freelance,Entertainment
S0027,S0027_snr_-5dB_artillery.wav,male_0615.wav,magiaz-shooting_in_a_war-427812.mp3,artillery,-5,-5.0,-0.0,4.9094,16000,1,16,0.076989,0.101279,1.8453676,False,Male,45-60,Malayalam,Kerala,Pathanamthitta,Graduate,Full Time,Government
S0028,S0028_snr_-5dB_artillery.wav,male_0555.wav,singularitysmarauder-large_steampunk_gun-301959.mp3,artillery,-5,-5.0,0.0,4.48,16000,1,16,0.178767,0.035214,7.75010625,False,Male,18-30,Nepali,West Bengal,Kalimpong,Post Graduate,Part Time,Social service
S0029,S0029_snr_-5dB_artillery.wav,male_0366.wav,alban_gogh-quot-sound-of-war-quot-sound-effect-460937 (1).mp3,artillery,-5,-5.0,-0.0,6.9768,16000,1,16,0.162077,0.13536,1.5711662,False,Male,30-45,Gujarati,Gujarat,Sabarkantha,Post Graduate,Part Time,Education and Research
S0030,S0030_snr_-5dB_artillery.wav,male_0771.wav,vishiv-futuristic-bloom-laser-gun-effects-435016 (2).mp3,artillery,-5,-5.0,0.0,6.1779,16000,1,16,0.133822,0.130688,3.31856164,False,Male,30-45,Marathi,Maharashtra,Raigad,Post Graduate,Full Time,Education and Research
S0031,S0031_snr_-5dB_artillery.wav,male_0631.wav,vishiv-futuristic-laser-gun-effects-pack-1-435013.mp3,artillery,-5,-5.0,0.0,3.9613,16000,1,16,0.021306,0.078626,0.5453365,False,Male,30-45,Malayalam,Kerala,Palakkad,Post Graduate,Full Time,Technology and Services
S0032,S0032_snr_-5dB_artillery.wav,male_0941.wav,freesound_community-cannon-100972.mp3,artillery,-5,-5.0,0.0,3.1482,16000,1,16,0.046903,0.365102,0.23446062,False,Male,30-45,Maithili,Bihar,Darbhanga,Post Graduate,Full Time,Education and Research
S0033,S0033_snr_-5dB_artillery.wav,male_0798.wav,magiazzz-cannon_shot_1-1782958714819-560881.mp3,artillery,-5,-5.0,0.0,8.4327,16000,1,16,0.122306,0.182335,1.53306107,False,Male,30-45,Urdu,Gujarat,Ahmedabad,Graduate,Full Time,Technology and Services
S0034,S0034_snr_-5dB_artillery.wav,male_0497.wav,magiaz-tank_gunfire-496052.mp3,artillery,-5,-5.0,0.0,4.9081,16000,1,16,0.122,0.078435,2.72953643,False,Male,30-45,Malayalam,Kerala,Palakkad,Post Graduate,Full Time,Technology and Services
S0035,S0035_snr_-5dB_artillery.wav,male_0925.wav,trading_nation-distorted-impact-explosion-185554.mp3,artillery,-5,-5.0,0.0,11.1945,16000,1,16,0.022814,0.090196,0.48726367,False,Male,30-45,Malayalam,Kerala,Palakkad,Post Graduate,Full Time,Technology and Services
S0036,S0036_snr_-5dB_artillery.wav,male_0370.wav,freesound_community-bit-cannon-85932 (1).mp3,artillery,-5,-5.0,-0.0,3.0561,16000,1,16,0.119813,0.336872,0.6432953,False,Male,18-30,Nepali,West Bengal,Kalimpong,Post Graduate,Part Time,Social service
S0037,S0037_snr_-5dB_artillery.wav,male_0597.wav,freesound_community-boom-2-103151.mp3,artillery,-5,-5.0,-0.0,7.5834,16000,1,16,0.15009,0.085796,3.33697399,False,Male,30-45,Gujarati,Gujarat,Sabarkantha,Post Graduate,Part Time,Education and Research
S0038,S0038_snr_-5dB_artillery.wav,male_0721.wav,universfield-cannon-shot-352459.mp3,artillery,-5,-5.0,-0.0,4.8812,16000,1,16,0.13131,0.088168,2.44088395,False,Male,30-45,Kashmiri,Jammu Kashmir,Anantnag,Doctoral (PhD) or higher level,Full Time,Education and Research
S0039,S0039_snr_-5dB_artillery.wav,male_0054.wav,freesound_community-cannon-fodder-v2-morphagene-reel-by-mudlogger-16930.mp3,artillery,-5,-5.0,0.0,3.723,16000,1,16,0.112077,0.043125,5.41830129,False,Male,60+,Konkani,Goa,North Goa,Graduate,Full Time,Financial Services (Banking and Insurance)
S0040,S0040_snr_-5dB_artillery.wav,male_0427.wav,freesound_community-incoming-mortar-3-86033.mp3,artillery,-5,-5.0,0.0,12.5988,16000,1,16,0.055238,0.255451,0.37970629,False,Male,18-30,Konkani,Goa,South Goa,Post Graduate,Full Time,Technology and Services
S0041,S0041_snr_-5dB_artillery.wav,male_0057.wav,soundtaker-heavy-shot-sound-477215 (2).mp3,artillery,-5,-5.0,-0.0,7.8,16000,1,16,0.072061,0.162408,2.04388652,False,Male,45-60,Malayalam,Kerala,Pathanamthitta,Graduate,Full Time,Government
S0042,S0042_snr_-5dB_artillery.wav,male_0265.wav,kuzu420-pow-with-echo-280695.mp3,artillery,-5,-5.0,0.0,3.8423,16000,1,16,0.177738,0.030758,9.99368413,False,Male,18-30,Nepali,West Bengal,Kalimpong,Post Graduate,Part Time,Social service
S0043,S0043_snr_-5dB_artillery.wav,male_0773.wav,adamsmith3-war-sound-effect-179574.mp3,artillery,-5,-5.0,-0.0,5.5996,16000,1,16,0.100917,0.175142,1.44526393,False,Male,18-30,Odia,Odisha,Sundergarh,Post Graduate,Full Time,Education and Research
S0044,S0044_snr_-5dB_artillery.wav,male_0186.wav,freesound_community-tribute-cannon-104430 (1).mp3,artillery,-5,-5.0,-0.0,7.0,16000,1,16,0.024939,0.05706,0.77151144,False,Male,60+,Konkani,Goa,North Goa,Graduate,Full Time,Financial Services (Banking and Insurance)
S0045,S0045_snr_-5dB_artillery.wav,male_0467.wav,freesound_community-21-gun-salute-25444.mp3,artillery,-5,-5.0,-0.0,12.3801,16000,1,16,0.112794,0.093145,2.23618458,False,Male,45-60,Nepali,Meghalaya,Ri Bhoi,Post Graduate,Full Time,Education and Research
S0046,S0046_snr_-5dB_artillery.wav,male_0790.wav,freesound_community-telskuf_iraq_gun-82882.mp3,artillery,-5,-5.0,0.0,5.9776,16000,1,16,0.10187,0.067198,2.39152002,False,Male,30-45,Bodo,Assam,Kokrajhar,Post Graduate,Other,Education and Research
S0047,S0047_snr_-5dB_artillery.wav,male_0175.wav,universfield-cannon-shot-326182.mp3,artillery,-5,-5.0,0.0,4.9706,16000,1,16,0.108772,0.115261,1.79217921,False,Male,30-45,Bengali,West Bengal,Kolkata,Graduate,Freelance,Entertainment
S0048,S0048_snr_-5dB_artillery.wav,male_0151.wav,ejah_music-cannon-blast-with-reverb-378282.mp3,artillery,-5,-5.0,0.0,5.785,16000,1,16,0.019941,0.116544,0.28434641,False,Male,30-45,Maithili,Bihar,Darbhanga,Post Graduate,Full Time,Education and Research
S0049,S0049_snr_-5dB_drone.wav,male_0742.wav,heavy-suspense-drone-qvkfs2ut.wav,drone,-5,-5.0,0.0,4.9999,16000,1,16,0.064684,0.203999,0.57311683,False,Male,30-45,Maithili,Bihar,Samastipur,Doctoral (PhD) or higher level,Full Time,Education and Research
S0050,S0050_snr_-5dB_drone.wav,male_0114.wav,the-ambient-drone-should--snd63p4k.wav,drone,-5,-5.0,0.0,9.9003,16000,1,16,0.051916,0.168487,0.54820484,False,Male,60+,Konkani,Goa,North Goa,Graduate,Full Time,Financial Services (Banking and Insurance)
S0051,S0051_snr_-5dB_drone.wav,male_0429.wav,low-dark-drone-start-i3qlxcez.wav,drone,-5,-5.0,0.0,4.8147,16000,1,16,0.073891,0.618616,0.21151631,False,Male,45-60,Telugu,Telangana,Hyderabad,Doctoral (PhD) or higher level,Full Time,Education and Research
S0052,S0052_snr_-5dB_drone.wav,male_0966.wav,ya_dmutro-military-fpv-drone-attack-with-impact-explosion-439286.mp3,drone,-5,-5.0,0.0,10.1347,16000,1,16,0.127635,0.064676,3.67515712,False,Male,30-45,Malayalam,Kerala,Palakkad,Post Graduate,Full Time,Technology and Services
S0053,S0053_snr_-5dB_drone.wav,male_0019.wav,ultra-realistic-shamanic--slftnbdc.wav,drone,-5,-5.0,-0.0,6.1567,16000,1,16,0.121726,0.25838,0.7226808,False,Male,45-60,Dogri,Jammu Kashmir,Jammu,Graduate,Full Time,Retail
S0054,S0054_snr_-5dB_drone.wav,male_0190.wav,cold-drone-silence-focuse-be2trgup.wav,drone,-5,-5.0,0.0,4.5941,16000,1,16,0.202195,0.155261,2.13247778,False,Male,30-45,Urdu,Gujarat,Ahmedabad,Graduate,Full Time,Technology and Services
S0055,S0055_snr_-5dB_drone.wav,male_0415.wav,low-dark-drone-holding-oqjhilao.wav,drone,-5,-5.0,-0.0,27.2279,16000,1,16,0.032765,0.435061,0.13328638,False,Male,18-30,Kashmiri,Jammu Kashmir,Srinagar,Post Graduate,Other,Education and Research
S0056,S0056_snr_-5dB_drone.wav,male_0590.wav,corridor-reverb--low-dron-bjyhe5l5.wav,drone,-5,-5.0,0.0,3.4988,16000,1,16,0.105501,0.144911,1.72306131,False,Male,30-45,Bodo,Assam,Kokrajhar,Post Graduate,Other,Education and Research
S0057,S0057_snr_-5dB_drone.wav,male_0667.wav,heavy-lift-industrial-dro-rebmhmlo.wav,drone,-5,-5.0,0.0,3.5239,16000,1,16,0.087452,0.326222,0.42966352,False,Male,60+,Marathi,Maharashtra,Solapur,Graduate,Full Time,Healthcare (Medical &amp; Pharma)
S0058,S0058_snr_-5dB_drone.wav,male_0764.wav,-suspense-drone-ujtci2ps.wav,drone,-5,-5.0,-0.0,4.5838,16000,1,16,0.131222,0.174763,1.13829109,False,Male,30-45,Urdu,Gujarat,Ahmedabad,Graduate,Full Time,Technology and Services
S0059,S0059_snr_-5dB_drone.wav,male_0222.wav,sudden-sharp-sting-silent-s4g2uv4n.wav,drone,-5,-5.0,0.0,7.4704,16000,1,16,0.026228,0.148043,0.27360516,False,Male,30-45,Malayalam,Kerala,Palakkad,Post Graduate,Full Time,Technology and Services
S0060,S0060_snr_-5dB_drone.wav,male_0587.wav,dark-ambient-drone-with-r-jsf774r3.wav,drone,-5,-5.0,0.0,4.0423,16000,1,16,0.046485,0.150941,0.84414343,False,Male,30-45,Dogri,Jammu Kashmir,Jammu,Graduate,Full Time,Technology and Services
S0061,S0061_snr_-5dB_drone.wav,male_0582.wav,slow-rising-narrowband-dr-2n4qqn7s.wav,drone,-5,-5.0,0.0,8.7436,16000,1,16,0.01246,0.10869,0.18304277,False,Male,18-30,Bodo,Assam,Kokrajhar,Post Graduate,Part Time,Education and Research
S0062,S0062_snr_-5dB_drone.wav,male_0300.wav,dark-warm-atmospheric-dro-jtao2ekl.wav,drone,-5,-5.0,0.0,4.0818,16000,1,16,0.001242,0.133116,0.03307488,False,Male,45-60,Kashmiri,Jammu Kashmir,Srinagar,Doctoral (PhD) or higher level,Full Time,Education and Research
S0063,S0063_snr_-5dB_drone.wav,male_0639.wav,soft-ambient-drone-in-dve-n4kpzwqx.wav,drone,-5,-5.0,-0.0,14.1148,16000,1,16,0.110345,0.160558,1.18492542,False,Male,18-30,Bengali,West Bengal,Kolkata,Doctoral (PhD) or higher level,Full Time,Education and Research
S0064,S0064_snr_-5dB_drone.wav,male_0387.wav,low-hollow-drone--subtle-ydfs2sei.wav,drone,-5,-5.0,-0.0,4.3191,16000,1,16,0.03487,0.23906,0.24800174,False,Male,18-30,Assamese,Assam,Kamrup Metropolitan,Post Graduate,Full Time,Education and Research
S0065,S0065_snr_-5dB_drone.wav,male_0365.wav,low-sub-drone-uudnptdc.wav,drone,-5,-5.0,0.0,7.6044,16000,1,16,0.121605,0.403872,0.53344219,False,Male,18-30,Nepali,West Bengal,Kalimpong,Post Graduate,Part Time,Social service
S0066,S0066_snr_-5dB_drone.wav,male_0880.wav,se_qnumchpjlakzyvc4.wav,drone,-5,-5.0,0.0,3.2664,16000,1,16,0.062383,0.067073,1.63950686,False,Male,30-45,Maithili,Bihar,Samastipur,Doctoral (PhD) or higher level,Full Time,Education and Research
S0067,S0067_snr_-5dB_drone.wav,male_0335.wav,tanpura-sound-with-drone--3rcrcstr.wav,drone,-5,-5.0,-0.0,4.6515,16000,1,16,0.020265,0.137231,0.2636243,False,Male,30-45,Maithili,Bihar,Darbhanga,Post Graduate,Full Time,Education and Research
S0068,S0068_snr_-5dB_drone.wav,male_0017.wav,fpv-drone-sound-rwi7jhtn.wav,drone,-5,-5.0,-0.0,3.0601,16000,1,16,0.092742,0.225763,0.65620723,False,Male,45-60,Telugu,Telangana,Hyderabad,Doctoral (PhD) or higher level,Full Time,Education and Research
S0069,S0069_snr_-5dB_drone.wav,male_0203.wav,cold-drone--chorus-whispe-tyxr4vcq.wav,drone,-5,-5.0,-0.0,3.2712,16000,1,16,0.055032,0.143222,0.77254221,False,Male,30-45,Bodo,Assam,Kokrajhar,Post Graduate,Other,Education and Research
S0070,S0070_snr_-5dB_drone.wav,male_0002.wav,generate-a-continuous-sof-562ee4bf.wav,drone,-5,-5.0,0.0,5.0309,16000,1,16,0.036221,0.177755,0.38992128,False,Male,45-60,Tamil,Tamil Nadu,Karur,Post Graduate,Full Time,Information and Media
S0071,S0071_snr_-5dB_drone.wav,male_0039.wav,se_sxj5p7qluae4c5bc.wav,drone,-5,-5.0,0.0,3.5,16000,1,16,0.117044,0.244003,0.82293055,False,Male,30-45,Kashmiri,Jammu Kashmir,Anantnag,Doctoral (PhD) or higher level,Full Time,Education and Research
S0072,S0072_snr_-5dB_drone.wav,male_0291.wav,paisagens-sonoras-sombria-z2rvbntw.wav,drone,-5,-5.0,0.0,3.5321,16000,1,16,0.077924,0.095198,1.15274675,False,Male,30-45,Bodo,Assam,Kokrajhar,Post Graduate,Other,Education and Research
S0073,S0073_snr_-5dB_siren.wav,male_0494.wav,jeremayjimenez-minas-gerais-brazil-eas-alarm-456936.mp3,siren,-5,-5.0,-0.0,9.68,16000,1,16,0.143637,0.388151,0.63459474,False,Male,18-30,Nepali,West Bengal,Kalimpong,Post Graduate,Part Time,Social service
S0074,S0074_snr_-5dB_siren.wav,male_0248.wav,air-raid-siren.mp3,siren,-5,-5.0,0.0,4.7341,16000,1,16,0.073424,0.155886,2.40605823,False,Male,60+,Konkani,Goa,North Goa,Graduate,Full Time,Financial Services (Banking and Insurance)
S0075,S0075_snr_-5dB_siren.wav,male_0507.wav,biscuit1960-siren-passing-275127.mp3,siren,-5,-5.0,0.0,4.8302,16000,1,16,0.036558,0.100529,2.95283293,False,Male,45-60,Tamil,Tamil Nadu,Karur,Post Graduate,Full Time,Information and Media
S0076,S0076_snr_-5dB_siren.wav,male_0897.wav,soundreality-civil-defense-siren-128262.mp3,siren,-5,-5.0,0.0,8.3891,16000,1,16,0.071959,0.24594,0.479622,False,Male,30-45,Bodo,Assam,Kokrajhar,Post Graduate,Other,Education and Research
S0077,S0077_snr_-5dB_siren.wav,male_0714.wav,freesound_community-red-alert_nuclear_buzzer-99741.mp3,siren,-5,-5.0,0.0,3.0636,16000,1,16,0.188135,0.168825,1.85958022,False,Male,30-45,Urdu,Gujarat,Ahmedabad,Graduate,Full Time,Technology and Services
S0078,S0078_snr_-5dB_siren.wav,male_0892.wav,air-raid-siren-wailing-urgent-gfx-sounds-war-air-raid-siren-2-1-0m17s.mp3,siren,-5,-5.0,0.0,6.3997,16000,1,16,0.006154,0.141003,0.07408503,False,Male,30-45,Sindhi,Rajasthan,Ajmer,Post Graduate,Part Time,Government
S0079,S0079_snr_-5dB_siren.wav,male_0077.wav,freesound_community-siren_low-78303.mp3,siren,-5,-5.0,0.0,5.74,16000,1,16,0.037566,0.08522,0.4566142,False,Male,30-45,Maithili,Bihar,Samastipur,Doctoral (PhD) or higher level,Full Time,Education and Research
S0080,S0080_snr_-5dB_siren.wav,male_0912.wav,sudden-loud-roar-of-a-h2g7rvgx.wav,siren,-5,-5.0,-0.0,9.8,16000,1,16,0.092784,0.230879,0.70747402,False,Male,18-30,Nepali,West Bengal,Kalimpong,Post Graduate,Part Time,Social service
S0081,S0081_snr_-5dB_siren.wav,male_0793.wav,liecio-evacuation-alarm-189740.mp3,siren,-5,-5.0,-0.0,5.96,16000,1,16,0.229961,0.046021,7.6096517,False,Male,30-45,Punjabi,Punjab,Mansa,Post Graduate,Full Time,Government
S0082,S0082_snr_-5dB_siren.wav,male_0509.wav,Air raid (military siren).mp3,siren,-5,-5.0,-0.0,4.6106,16000,1,16,0.069605,0.117633,0.79341828,False,Male,30-45,Konkani,Goa,North Goa,Post Graduate,Full Time,Education and Research
S0083,S0083_snr_-5dB_siren.wav,male_0178.wav,freesound_community-060025_military-alarm-amp-noiseflac-88641.mp3,siren,-5,-5.0,-0.0,3.6304,16000,1,16,0.028246,0.203224,0.27658526,False,Male,30-45,Maithili,Bihar,Darbhanga,Post Graduate,Full Time,Education and Research
S0084,S0084_snr_-5dB_siren.wav,male_0843.wav,freesound_community-alarm-1-with-reverberation-30031.mp3,siren,-5,-5.0,0.0,4.32,16000,1,16,0.058827,0.26212,0.40218281,False,Male,18-30,Nepali,West Bengal,Kalimpong,Post Graduate,Part Time,Social service
S0085,S0085_snr_-5dB_siren.wav,male_0201.wav,jeremayjimenez-ses-1000-air-raid-334949.mp3,siren,-5,-5.0,0.0,3.2524,16000,1,16,0.04228,0.196388,0.80826464,False,Male,30-45,Dogri,Jammu Kashmir,Jammu,Graduate,Full Time,Technology and Services
S0086,S0086_snr_-5dB_siren.wav,male_0766.wav,scottishperson-sound-effect-ww2-uk-air-raid-siren-164346.mp3,siren,-5,-5.0,0.0,16.4629,16000,1,16,0.046768,0.032446,2.97244539,False,Male,45-60,Bodo,Assam,Udalguri,Doctoral (PhD) or higher level,Freelance,Education and Research
S0087,S0087_snr_-5dB_siren.wav,male_0910.wav,"ElevenLabs_Continuous_danger_siren,_relentless_and_foreboding.mp3",siren,-5,-5.0,0.0,8.72,16000,1,16,0.127665,0.049175,4.69660006,False,Male,18-30,Nepali,West Bengal,Kalimpong,Post Graduate,Part Time,Social service
S0088,S0088_snr_-5dB_siren.wav,male_0294.wav,vintage-military-alarm-fx.wav,siren,-5,-5.0,-0.0,6.1667,16000,1,16,0.02065,0.121756,0.53749462,False,Male,30-45,Maithili,Bihar,Darbhanga,Post Graduate,Full Time,Education and Research
S0089,S0089_snr_-5dB_siren.wav,male_0539.wav,poorartistt-emergency-alarmsiren-type-01-no-copyright-410303.mp3,siren,-5,-5.0,0.0,7.2142,16000,1,16,0.103266,0.28749,0.61116223,False,Male,30-45,Hindi,Gujarat,Vadodara,Post Graduate,Full Time,Information and Media
S0090,S0090_snr_-5dB_siren.wav,male_0025.wav,mixkit-alert-alarm-1005.wav,siren,-5,-5.0,0.0,3.6433,16000,1,16,0.042527,0.227398,0.33221728,False,Male,60+,Bengali,West Bengal,South 24 Parganas,Post Graduate,Other,Financial Services (Banking and Insurance)
S0091,S0091_snr_-5dB_siren.wav,male_0695.wav,emergency-siren-long-mechanical-wave-1-1-00-29.mp3,siren,-5,-5.0,0.0,4.3866,16000,1,16,0.067494,0.02864,54.34838298,False,Male,60+,Odia,Odisha,Sundergarh,Graduate,Freelance,Education and Research
S0092,S0092_snr_-5dB_siren.wav,male_0211.wav,death_star_alarm.mp3,siren,-5,-5.0,-0.0,7.8376,16000,1,16,0.021704,0.178704,0.21648029,False,Male,30-45,Maithili,Bihar,Darbhanga,Post Graduate,Full Time,Education and Research
S0093,S0093_snr_-5dB_siren.wav,male_0425.wav,dragon-studio-nuclear-alarm-386177.mp3,siren,-5,-5.0,0.0,14.6748,16000,1,16,0.124552,0.058954,3.76762372,False,Male,30-45,Marathi,Maharashtra,Raigad,Post Graduate,Full Time,Education and Research
S0094,S0094_snr_-5dB_siren.wav,male_0529.wav,nuclear_warning_alar_#1-1789013019213.mp3,siren,-5,-5.0,-0.0,8.0501,16000,1,16,0.099639,0.210626,0.84242773,False,Male,30-45,Urdu,Gujarat,Ahmedabad,Graduate,Full Time,Technology and Services
S0095,S0095_snr_-5dB_siren.wav,male_0035.wav,siren-military-alarm.wav,siren,-5,-5.0,0.0,10.24,16000,1,16,0.118388,0.207352,0.86399079,False,Male,18-30,Nepali,West Bengal,Kalimpong,Post Graduate,Part Time,Social service
S0096,S0096_snr_-5dB_siren.wav,male_0929.wav,"Loud,_piercing_war_a_#2-1789013159870.mp3",siren,-5,-5.0,-0.0,8.2,16000,1,16,0.106729,0.163568,1.17430896,False,Male,18-30,Nepali,West Bengal,Kalimpong,Post Graduate,Part Time,Social service
S0097,S0097_snr_-5dB_gunshot.wav,male_0399.wav,14.mp3,gunshot,-5,-5.0,0.0,5.1123,16000,1,16,0.034831,0.16179,0.36616018,False,Male,45-60,Bodo,Assam,Udalguri,Doctoral (PhD) or higher level,Freelance,Education and Research
S0098,S0098_snr_-5dB_gunshot.wav,male_0608.wav,a-slow-eerie-ambient-trac-2judttdc.wav,gunshot,-5,-5.0,0.0,6.3914,16000,1,16,0.090533,0.106846,1.93122704,False,Male,18-30,Nepali,West Bengal,Kalimpong,Post Graduate,Part Time,Social service
S0099,S0099_snr_-5dB_gunshot.wav,male_0299.wav,79.mp3,gunshot,-5,-5.0,0.0,6.8691,16000,1,16,0.094154,0.196802,0.86396152,False,Male,45-60,Urdu,Gujarat,Ahmedabad,Diploma Holder,Other,Government
S0100,S0100_snr_-5dB_gunshot.wav,male_0849.wav,sound-effectswhispering-w-ztlvmefw.wav,gunshot,-5,-5.0,-0.0,3.6601,16000,1,16,0.168519,0.176416,1.5547396,False,Male,30-45,Urdu,Gujarat,Ahmedabad,Graduate,Full Time,Technology and Services
S0101,S0101_snr_-5dB_gunshot.wav,male_0669.wav,"Loud,_sharp_shotgun__#3-1789002043920.mp3",gunshot,-5,-5.0,0.0,4.0,16000,1,16,0.085809,0.233349,0.65392002,False,Male,18-30,Nepali,West Bengal,Kalimpong,Post Graduate,Part Time,Social service
S0102,S0102_snr_-5dB_gunshot.wav,male_0283.wav,57.mp3,gunshot,-5,-5.0,0.0,5.93,16000,1,16,0.124872,0.071274,2.72333983,False,Male,30-45,Gujarati,Gujarat,Sabarkantha,Post Graduate,Part Time,Education and Research
S0103,S0103_snr_-5dB_gunshot.wav,male_0940.wav,17.mp3,gunshot,-5,-5.0,0.0,4.1998,16000,1,16,0.008752,0.201147,0.07550796,False,Male,30-45,Sindhi,Rajasthan,Ajmer,Post Graduate,Part Time,Government
S0104,S0104_snr_-5dB_gunshot.wav,male_0945.wav,67.wav,gunshot,-5,-5.0,0.0,24.066,16000,1,16,0.067735,0.146283,0.84654672,False,Male,30-45,Maithili,Bihar,Samastipur,Doctoral (PhD) or higher level,Full Time,Education and Research
S0105,S0105_snr_-5dB_gunshot.wav,male_0607.wav,35.mp3,gunshot,-5,-5.0,-0.0,9.2569,16000,1,16,0.08576,0.02749,6.14634523,False,Male,45-60,Nepali,Meghalaya,Ri Bhoi,Post Graduate,Full Time,Education and Research
S0106,S0106_snr_-5dB_gunshot.wav,male_0960.wav,7.mp3,gunshot,-5,-5.0,0.0,6.1996,16000,1,16,0.060044,0.098871,1.13466873,False,Male,30-45,Bodo,Assam,Kokrajhar,Post Graduate,Other,Education and Research
S0107,S0107_snr_-5dB_gunshot.wav,male_0935.wav,"Loud,_sharp_shotgun__#4-1789002053171.mp3",gunshot,-5,-5.0,0.0,3.4222,16000,1,16,0.119872,0.010066,22.55360076,False,Male,30-45,Bengali,West Bengal,Kolkata,Graduate,Freelance,Entertainment
S0108,S0108_snr_-5dB_gunshot.wav,male_0732.wav,65.wav,gunshot,-5,-5.0,0.0,12.0864,16000,1,16,0.086555,0.079416,1.89775292,False,Male,45-60,Kannada,Karnataka,Shimoga,Post Graduate,Other,Manufacturing
S0109,S0109_snr_-5dB_gunshot.wav,male_0288.wav,78.mp3,gunshot,-5,-5.0,0.0,8.8109,16000,1,16,0.12676,0.46048,0.48532585,False,Male,60+,Konkani,Goa,North Goa,Graduate,Full Time,Financial Services (Banking and Insurance)
S0110,S0110_snr_-5dB_gunshot.wav,male_0528.wav,Loud_shotgun_blast_w_#1-1789001998533.mp3,gunshot,-5,-5.0,0.0,12.16,16000,1,16,0.108886,0.17433,1.1179465,False,Male,18-30,Nepali,West Bengal,Kalimpong,Post Graduate,Part Time,Social service
S0111,S0111_snr_-5dB_gunshot.wav,male_0808.wav,Close-mic_gunshot_wi_#2-1789001932534.mp3,gunshot,-5,-5.0,-0.0,4.1143,16000,1,16,0.100758,0.081538,2.57223776,False,Male,30-45,Hindi,Gujarat,Vadodara,Post Graduate,Full Time,Information and Media
S0112,S0112_snr_-5dB_gunshot.wav,male_0230.wav,46.mp3,gunshot,-5,-5.0,0.0,3.0362,16000,1,16,0.132456,0.177627,1.4758131,False,Male,60+,Punjabi,Punjab,Rupnagar,Graduate,Other,Government
S0113,S0113_snr_-5dB_gunshot.wav,male_0437.wav,49.mp3,gunshot,-5,-5.0,0.0,5.0201,16000,1,16,0.17077,0.130796,2.52864287,False,Male,30-45,Urdu,Gujarat,Ahmedabad,Graduate,Full Time,Technology and Services
S0114,S0114_snr_-5dB_gunshot.wav,male_0029.wav,21.mp3,gunshot,-5,-5.0,0.0,4.4671,16000,1,16,0.142965,0.060209,4.40811263,False,Male,30-45,Urdu,Gujarat,Ahmedabad,Graduate,Full Time,Technology and Services
S0115,S0115_snr_-5dB_gunshot.wav,male_0375.wav,29.mp3,gunshot,-5,-5.0,-0.0,6.6292,16000,1,16,0.022619,0.089171,0.51245274,False,Male,45-60,Bodo,Assam,Udalguri,Doctoral (PhD) or higher level,Freelance,Education and Research
S0116,S0116_snr_-5dB_gunshot.wav,male_0820.wav,59.mp3,gunshot,-5,-5.0,0.0,13.2593,16000,1,16,0.012664,0.361415,0.06333436,False,Male,30-45,Maithili,Bihar,Sitamarhi,Graduate,Part Time,Education and Research
S0117,S0117_snr_-5dB_gunshot.wav,male_0317.wav,53.mp3,gunshot,-5,-5.0,0.0,3.2433,16000,1,16,0.165685,0.031899,4.74156281,False,Male,45-60,Nepali,Meghalaya,Ri Bhoi,Post Graduate,Full Time,Education and Research
S0118,S0118_snr_-5dB_gunshot.wav,male_0561.wav,46.mp3,gunshot,-5,-5.0,0.0,3.4425,16000,1,16,0.147872,0.177627,1.39224088,False,Male,18-30,Gujarati,Gujarat,Sabarkantha,Post Graduate,Full Time,Information and Media
S0119,S0119_snr_-5dB_gunshot.wav,male_0242.wav,78.mp3,gunshot,-5,-5.0,0.0,5.5734,16000,1,16,0.048287,0.46048,0.17993162,False,Male,30-45,Maithili,Bihar,Samastipur,Doctoral (PhD) or higher level,Full Time,Education and Research
S0120,S0120_snr_-5dB_gunshot.wav,male_0150.wav,military_gunshots_#4-1789002141039.mp3,gunshot,-5,-5.0,0.0,5.6326,16000,1,16,0.19097,0.205258,1.60335068,False,Male,30-45,Urdu,Gujarat,Ahmedabad,Graduate,Full Time,Technology and Services
S0121,S0121_snr_-5dB_helicopter.wav,male_0517.wav,u_xg7ssi08yr-helicopter-355444.mp3,helicopter,-5,-5.0,-0.0,6.1497,16000,1,16,0.013201,0.117332,0.17979603,False,Male,30-45,Sindhi,Rajasthan,Ajmer,Post Graduate,Part Time,Government
S0122,S0122_snr_-5dB_helicopter.wav,male_0418.wav,freesound_community-019770_military-helicoptersw2wav-53828.mp3,helicopter,-5,-5.0,0.0,6.2366,16000,1,16,0.147319,0.051583,21.27622427,False,Male,30-45,Kashmiri,Jammu Kashmir,Anantnag,Doctoral (PhD) or higher level,Full Time,Education and Research
S0123,S0123_snr_-5dB_helicopter.wav,male_0661.wav,koiroylers-helicopter-overhead-351968.mp3,helicopter,-5,-5.0,0.0,3.022,16000,1,16,0.094855,0.195781,0.859557,False,Male,60+,Marathi,Maharashtra,Solapur,Graduate,Full Time,Healthcare (Medical &amp; Pharma)
S0124,S0124_snr_-5dB_helicopter.wav,male_0199.wav,ElevenLabs_Police_helicopter_hovering_over_the_city_center_Police_communications_heard_over_comms_with_no_clea.mp3,helicopter,-5,-5.0,0.0,7.1262,16000,1,16,0.102526,0.065422,3.92674506,False,Male,30-45,Urdu,Gujarat,Ahmedabad,Graduate,Full Time,Technology and Services
S0125,S0125_snr_-5dB_helicopter.wav,male_0586.wav,223478__copyc4t__luckylittlehelicopter.flac,helicopter,-5,-5.0,0.0,8.826,16000,1,16,0.059521,0.778973,0.12970974,False,Male,30-45,Bodo,Assam,Kokrajhar,Post Graduate,Other,Education and Research
S0126,S0126_snr_-5dB_helicopter.wav,male_0326.wav,187678__qubodup__helicopter-loop.flac,helicopter,-5,-5.0,0.0,22.0307,16000,1,16,0.099054,0.31558,0.55711517,False,Male,60+,Punjabi,Punjab,Rupnagar,Graduate,Other,Government
S0127,S0127_snr_-5dB_helicopter.wav,male_0824.wav,514918__joseignaciotriay__helicopter-blackhawk-hover-and-away.wav,helicopter,-5,-5.0,0.0,3.0997,16000,1,16,0.055189,0.03819,2.1128644,False,Male,30-45,Bengali,West Bengal,Kolkata,Graduate,Freelance,Entertainment
S0128,S0128_snr_-5dB_helicopter.wav,male_0703.wav,spinopel-patrol-helicopter-492028.mp3,helicopter,-5,-5.0,0.0,4.6,16000,1,16,0.062959,0.137112,0.76068583,False,Male,45-60,Kannada,Karnataka,Shimoga,Post Graduate,Other,Manufacturing
S0129,S0129_snr_-5dB_helicopter.wav,male_0950.wav,156678__john-sipos__blackhawk.wav,helicopter,-5,-5.0,0.0,5.5832,16000,1,16,0.109494,0.117571,1.53924807,False,Male,18-30,Odia,Odisha,Sundergarh,Post Graduate,Full Time,Education and Research
S0130,S0130_snr_-5dB_helicopter.wav,male_0516.wav,553509__martineerok__helicopter_passing_by.wav,helicopter,-5,-5.0,0.0,6.1984,16000,1,16,0.029063,0.054081,2.00871486,False,Male,45-60,Bodo,Assam,Udalguri,Doctoral (PhD) or higher level,Freelance,Education and Research
S0131,S0131_snr_-5dB_helicopter.wav,male_0865.wav,freesound_community-helicopter-1-77580.mp3,helicopter,-5,-5.0,0.0,5.6283,16000,1,16,0.046511,0.058764,1.29557797,False,Male,30-45,Bodo,Assam,Kokrajhar,Post Graduate,Other,Education and Research
S0132,S0132_snr_-5dB_helicopter.wav,male_0837.wav,mixkit-helicopter-flying-far-away-2696.wav,helicopter,-5,-5.0,0.0,11.9,16000,1,16,0.011022,0.153491,0.11229907,False,Male,18-30,Dogri,Jammu Kashmir,Jammu,Senior Secondary Level at School (10+2),Full Time,Technology and Services
S0133,S0133_snr_-5dB_helicopter.wav,male_0878.wav,529922__dpath__helicopter-flying-in-downtown.wav,helicopter,-5,-5.0,0.0,4.2407,16000,1,16,0.121189,0.042796,5.33979729,False,Male,45-60,Nepali,Meghalaya,Ri Bhoi,Post Graduate,Full Time,Education and Research
S0134,S0134_snr_-5dB_helicopter.wav,male_0360.wav,spinopel-patrol-helicopter-in-the-sky-492026.mp3,helicopter,-5,-5.0,0.0,3.9758,16000,1,16,0.020123,0.162996,0.25626841,False,Male,18-30,Hindi,Maharashtra,Pune,Under Graduate Student,Freelance,Financial Services (Banking and Insurance)
S0135,S0135_snr_-5dB_helicopter.wav,male_0595.wav,dragon-studio-helicopter-sound-2-372458.mp3,helicopter,-5,-5.0,0.0,7.047,16000,1,16,0.112223,0.099411,1.99262345,False,Male,30-45,Urdu,Gujarat,Ahmedabad,Graduate,Full Time,Technology and Services
S0136,S0136_snr_-5dB_helicopter.wav,male_0789.wav,546806__nox_sound__vehicle_helicopter_flyby_close_stereo.wav,helicopter,-5,-5.0,0.0,3.0579,16000,1,16,0.143648,0.042832,20.82195442,False,Male,18-30,Assamese,Assam,Kamrup Metropolitan,Post Graduate,Full Time,Education and Research
S0137,S0137_snr_-5dB_helicopter.wav,male_0189.wav,freesound_community-helicopter_passby_1-20087.mp3,helicopter,-5,-5.0,0.0,11.4507,16000,1,16,0.06801,0.021523,4.94104617,False,Male,18-30,Assamese,Assam,Kamrup Metropolitan,Post Graduate,Full Time,Education and Research
S0138,S0138_snr_-5dB_helicopter.wav,male_0067.wav,freesound_community-helicoptero-helicopter-45817.mp3,helicopter,-5,-5.0,0.0,7.3964,16000,1,16,0.026359,0.056115,0.80524302,False,Male,30-45,Malayalam,Kerala,Palakkad,Post Graduate,Full Time,Technology and Services
S0139,S0139_snr_-5dB_helicopter.wav,male_0356.wav,freesound_community-helicopter-1-60738.mp3,helicopter,-5,-5.0,-0.0,6.36,16000,1,16,0.082857,0.027397,5.55549285,False,Male,18-30,Nepali,West Bengal,Kalimpong,Post Graduate,Part Time,Social service
S0140,S0140_snr_-5dB_helicopter.wav,male_0800.wav,dragon-studio-helicopter-sound-8d-372463.mp3,helicopter,-5,-5.0,0.0,3.3775,16000,1,16,0.082353,0.10488,1.07729679,False,Male,45-60,Urdu,Gujarat,Ahmedabad,Diploma Holder,Other,Government
S0141,S0141_snr_-5dB_helicopter.wav,male_0903.wav,721621__sduggysounds__helicopter-fly-by-in-the-woods.wav,helicopter,-5,-5.0,0.0,12.1812,16000,1,16,0.082036,0.004208,29.59274335,False,Male,60+,Punjabi,Punjab,Rupnagar,Graduate,Other,Government
S0142,S0142_snr_-5dB_helicopter.wav,male_0921.wav,514919__joseignaciotriay__helicopter-blackhawk-fast-pass-bye.wav,helicopter,-5,-5.0,0.0,7.9532,16000,1,16,0.028922,0.014575,13.25345692,False,Male,30-45,Malayalam,Kerala,Palakkad,Post Graduate,Full Time,Technology and Services
S0143,S0143_snr_-5dB_helicopter.wav,male_0943.wav,mind_out_of_office-helicopter-sound-noise-arriving-in-the-mountains-237980.mp3,helicopter,-5,-5.0,-0.0,5.5472,16000,1,16,0.15412,0.068624,4.39808171,False,Male,30-45,Kashmiri,Jammu Kashmir,Anantnag,Doctoral (PhD) or higher level,Full Time,Education and Research
S0144,S0144_snr_-5dB_helicopter.wav,male_0331.wav,freesound_community-helicopter-engine-starting-part-1-38442.mp3,helicopter,-5,-5.0,0.0,3.4702,16000,1,16,0.040699,0.032319,1.85453281,False,Male,18-30,Kannada,Karnataka,Bangalore Urban,Graduate,Part Time,Information and Media
S0145,S0145_snr_-5dB_wind.wav,male_0728.wav,freesound_community-car-strong-wind-noise-58443.mp3,wind,-5,-5.0,0.0,5.4938,16000,1,16,0.120374,0.248943,0.83696316,False,Male,18-30,Gujarati,Gujarat,Sabarkantha,Post Graduate,Full Time,Information and Media
S0146,S0146_snr_-5dB_wind.wav,male_0397.wav,soundreality-wind-far-away-sfx-522602.mp3,wind,-5,-5.0,0.0,8.7744,16000,1,16,0.012207,0.228363,0.09067199,False,Male,18-30,Dogri,Jammu Kashmir,Jammu,Senior Secondary Level at School (10+2),Full Time,Technology and Services
S0147,S0147_snr_-5dB_wind.wav,male_0464.wav,soundreality-wind-forest-sfx-522912.mp3,wind,-5,-5.0,0.0,5.5508,16000,1,16,0.011532,0.170552,0.11485557,False,Male,18-30,Bodo,Assam,Kokrajhar,Post Graduate,Part Time,Education and Research
S0148,S0148_snr_-5dB_wind.wav,male_0394.wav,tanweraman-howling-polar-wind-445023.mp3,wind,-5,-5.0,0.0,6.4866,16000,1,16,0.121851,0.134819,1.29649953,False,Male,30-45,Urdu,Gujarat,Ahmedabad,Graduate,Full Time,Technology and Services
S0149,S0149_snr_-5dB_wind.wav,male_0312.wav,dragon-studio-wind-blowing-sfx-07-423677.mp3,wind,-5,-5.0,-0.0,13.7076,16000,1,16,0.049587,0.158612,0.53287919,False,Male,18-30,Konkani,Goa,South Goa,Post Graduate,Full Time,Technology and Services
S0150,S0150_snr_-5dB_wind.wav,male_0681.wav,dragon-studio-wind-gust-386158.mp3,wind,-5,-5.0,0.0,3.2169,16000,1,16,0.15878,0.012639,20.10055049,False,Male,30-45,Urdu,Gujarat,Ahmedabad,Graduate,Full Time,Technology and Services
S0151,S0151_snr_-5dB_wind.wav,male_0745.wav,dragon-studio-heavy-wind-and-rain-515265.mp3,wind,-5,-5.0,0.0,6.3996,16000,1,16,0.092592,0.175,0.90049192,False,Male,30-45,Bengali,West Bengal,Kolkata,Graduate,Freelance,Entertainment
S0152,S0152_snr_-5dB_wind.wav,male_0922.wav,soundreality-wind-far-away-2-sfx-522600.mp3,wind,-5,-5.0,0.0,3.8096,16000,1,16,0.02778,0.241676,0.19686104,False,Male,30-45,Maithili,Bihar,Darbhanga,Post Graduate,Full Time,Education and Research
S0153,S0153_snr_-5dB_wind.wav,male_0462.wav,freesound_community-wind-artificial-18750.mp3,wind,-5,-5.0,0.0,5.0102,16000,1,16,0.151818,0.072779,4.20019627,False,Male,18-30,Nepali,West Bengal,Kalimpong,Post Graduate,Part Time,Social service
S0154,S0154_snr_-5dB_wind.wav,male_0523.wav,nematoki-winter-wind-305577 (1).mp3,wind,-5,-5.0,-0.0,3.4859,16000,1,16,0.108828,0.049446,10.71678535,False,Male,60+,Marathi,Maharashtra,Solapur,Graduate,Full Time,Healthcare (Medical &amp; Pharma)
S0155,S0155_snr_-5dB_wind.wav,male_0632.wav,storegraphic-soft-wind-477404.mp3,wind,-5,-5.0,0.0,4.5706,16000,1,16,0.094896,0.039966,3.36773982,False,Male,30-45,Bodo,Assam,Kokrajhar,Post Graduate,Other,Education and Research
S0156,S0156_snr_-5dB_wind.wav,male_0491.wav,dragon-studio-cemetery-wind-467488.mp3,wind,-5,-5.0,-0.0,3.9697,16000,1,16,0.032207,0.100809,0.41203414,False,Male,18-30,Hindi,Maharashtra,Pune,Under Graduate Student,Freelance,Financial Services (Banking and Insurance)
S0157,S0157_snr_-5dB_wind.wav,male_0196.wav,dragon-studio-bitter-cold-wind-482876.mp3,wind,-5,-5.0,0.0,10.0231,16000,1,16,0.163399,0.05414,7.90209062,False,Male,18-30,Gujarati,Gujarat,Sabarkantha,Post Graduate,Full Time,Information and Media
S0158,S0158_snr_-5dB_wind.wav,male_0257.wav,soundreality-wind-lake-sfx-522908.mp3,wind,-5,-5.0,0.0,6.0,16000,1,16,0.085842,0.190692,0.74221155,False,Male,45-60,Kannada,Karnataka,Shimoga,Post Graduate,Other,Manufacturing
S0159,S0159_snr_-5dB_wind.wav,male_0694.wav,ElevenLabs_Wind (1).mp3,wind,-5,-5.0,0.0,9.3896,16000,1,16,0.028874,0.044386,1.14537384,False,Male,30-45,Maithili,Bihar,Darbhanga,Post Graduate,Full Time,Education and Research
S0160,S0160_snr_-5dB_wind.wav,male_0741.wav,eryliaa-wind-blowing-through-the-forest-364370.mp3,wind,-5,-5.0,0.0,8.4946,16000,1,16,0.108555,0.008419,29.04510639,False,Male,18-30,Gujarati,Gujarat,Sabarkantha,Post Graduate,Full Time,Information and Media
S0161,S0161_snr_-5dB_wind.wav,male_0578.wav,dragon-studio-elemental-spell-impact-wind-478376.mp3,wind,-5,-5.0,0.0,3.9466,16000,1,16,0.160833,0.139373,1.89895925,False,Male,30-45,Urdu,Gujarat,Ahmedabad,Graduate,Full Time,Technology and Services
S0162,S0162_snr_-5dB_wind.wav,male_0158.wav,wind-strong-01.mp3,wind,-5,-5.0,0.0,16.3171,16000,1,16,0.07724,0.158551,0.85719108,False,Male,18-30,Nepali,West Bengal,Kalimpong,Post Graduate,Part Time,Social service
S0163,S0163_snr_-5dB_wind.wav,male_0613.wav,soundreality-wind-moutain-sfx-522913.mp3,wind,-5,-5.0,0.0,7.0801,16000,1,16,0.075169,0.172638,0.73599485,False,Male,45-60,Gujarati,Gujarat,Amreli,Post Graduate,Part Time,Education and Research
S0164,S0164_snr_-5dB_wind.wav,male_0393.wav,dragon-studio-harsh-wind-515272.mp3,wind,-5,-5.0,0.0,4.5516,16000,1,16,0.076444,0.116659,2.23126883,False,Male,30-45,Bengali,West Bengal,Kolkata,Graduate,Freelance,Entertainment
S0165,S0165_snr_-5dB_wind.wav,male_0970.wav,eryliaa-cold-strong-wind-sound-effect-336741.mp3,wind,-5,-5.0,0.0,8.5207,16000,1,16,0.081651,0.104046,1.87585991,False,Male,45-60,Gujarati,Gujarat,Amreli,Post Graduate,Part Time,Education and Research
S0166,S0166_snr_-5dB_wind.wav,male_0689.wav,capaholiczsfx-heavy-wind-noise-in-the-mountains-and-pine-trees-402291.mp3,wind,-5,-5.0,0.0,7.2272,16000,1,16,0.200698,0.028034,10.81617796,False,Male,30-45,Urdu,Gujarat,Ahmedabad,Graduate,Full Time,Technology and Services
S0167,S0167_snr_-5dB_wind.wav,male_0362.wav,soundreality-wind-winter-mistral-sfx-521892.mp3,wind,-5,-5.0,0.0,5.6658,16000,1,16,0.185494,0.155457,2.0484095,False,Male,30-45,Punjabi,Punjab,Mansa,Post Graduate,Full Time,Government
S0168,S0168_snr_0dB_armored_vehicle.wav,male_0817.wav,magiaz-war_tank-481278.mp3,armored_vehicle,0,0.0,0.0,9.1506,16000,1,16,0.072682,0.186773,0.378263,False,Male,18-30,Assamese,Assam,Kamrup Metropolitan,Post Graduate,Full Time,Education and Research
S0169,S0169_snr_0dB_armored_vehicle.wav,male_0402.wav,freesound_community-tracked-vehicle-91010.mp3,armored_vehicle,0,0.0,0.0,23.2589,16000,1,16,0.063676,0.119053,0.53392875,False,Male,45-60,Nepali,Meghalaya,Ri Bhoi,Post Graduate,Full Time,Education and Research
S0170,S0170_snr_0dB_armored_vehicle.wav,male_0093.wav,mixkit-tank-engine-working-2753.wav,armored_vehicle,0,0.0,0.0,3.9748,16000,1,16,0.009357,0.048874,0.20057188,False,Male,30-45,Sindhi,Rajasthan,Ajmer,Post Graduate,Part Time,Government
S0171,S0171_snr_0dB_armored_vehicle.wav,male_0918.wav,Military armored personnel carrier approaching and passing by (2).mp3,armored_vehicle,0,0.0,0.0,26.8771,16000,1,16,0.080494,0.041701,1.78846981,False,Male,45-60,Nepali,Meghalaya,Ri Bhoi,Post Graduate,Full Time,Education and Research
S0172,S0172_snr_0dB_armored_vehicle.wav,male_0490.wav,articbay-vehicle-idle-start-190010.mp3,armored_vehicle,0,0.0,0.0,21.0557,16000,1,16,0.04347,0.044715,0.96257752,False,Male,18-30,Konkani,Goa,South Goa,Post Graduate,Full Time,Technology and Services
S0173,S0173_snr_0dB_armored_vehicle.wav,male_0452.wav,1914-18_ inside the tank.mp3,armored_vehicle,0,0.0,0.0,4.8756,16000,1,16,0.076213,0.170514,0.42056481,False,Male,30-45,Bodo,Assam,Kokrajhar,Post Graduate,Other,Education and Research
S0174,S0174_snr_0dB_armored_vehicle.wav,male_0252.wav,the-sound-of-a-tanker-truck-being-pumped-out.mp3,armored_vehicle,0,0.0,0.0,8.9496,16000,1,16,0.060204,0.296614,0.20157973,False,Male,18-30,Konkani,Goa,South Goa,Post Graduate,Full Time,Technology and Services
S0175,S0175_snr_0dB_armored_vehicle.wav,male_0654.wav,mixkit-truck-accelerating-1617.wav,armored_vehicle,0,0.0,0.0,3.9866,16000,1,16,0.063213,0.146757,0.40619301,False,Male,60+,Odia,Odisha,Sundergarh,Graduate,Freelance,Education and Research
S0176,S0176_snr_0dB_armored_vehicle.wav,male_0770.wav,freesound_community-tank_ride_stereo-18744.mp3,armored_vehicle,0,0.0,0.0,3.2701,16000,1,16,0.02371,0.109152,0.21677354,False,Male,18-30,Kannada,Karnataka,Bangalore Urban,Graduate,Part Time,Information and Media
S0177,S0177_snr_0dB_armored_vehicle.wav,male_0671.wav,freesound_community-armored-anti-riot-water-cannon-truck-in-action-17110.mp3,armored_vehicle,0,0.0,0.0,4.0873,16000,1,16,0.073135,0.026814,16.8812243,False,Male,45-60,Telugu,Telangana,Hyderabad,Doctoral (PhD) or higher level,Full Time,Education and Research
S0178,S0178_snr_0dB_armored_vehicle.wav,male_0130.wav,spinopel-truck-start-moving-290808.mp3,armored_vehicle,0,0.0,0.0,5.5282,16000,1,16,0.071796,0.094185,0.68653977,False,Male,60+,Kannada,Telangana,Hyderabad,Post Graduate,Full Time,Technology and Services
S0179,S0179_snr_0dB_armored_vehicle.wav,male_0638.wav,mixkit-truck-start-engine-1623.wav,armored_vehicle,0,0.0,0.0,7.6809,16000,1,16,0.069497,0.046432,1.47872156,False,Male,45-60,Bodo,Assam,Udalguri,Doctoral (PhD) or higher level,Freelance,Education and Research
S0180,S0180_snr_0dB_armored_vehicle.wav,male_0992.wav,dennish18-tank-moving-143104.mp3,armored_vehicle,0,0.0,0.0,11.26,16000,1,16,0.082968,0.350444,0.23584778,False,Male,18-30,Nepali,West Bengal,Kalimpong,Post Graduate,Part Time,Social service
S0181,S0181_snr_0dB_armored_vehicle.wav,male_0343.wav,"Military armored personnel carrier, starts and drives away.mp3",armored_vehicle,0,0.0,0.0,5.1093,16000,1,16,0.097383,0.108115,0.76146545,False,Male,45-60,Urdu,Gujarat,Ahmedabad,Diploma Holder,Other,Government
S0182,S0182_snr_0dB_armored_vehicle.wav,male_0309.wav,freesound_community-driving-tank-engine-88503.mp3,armored_vehicle,0,0.0,0.0,4.9155,16000,1,16,0.071649,0.131287,0.54445437,False,Male,45-60,Gujarati,Gujarat,Amreli,Post Graduate,Part Time,Education and Research
S0183,S0183_snr_0dB_armored_vehicle.wav,male_0137.wav,moving-a-tank-truck.mp3,armored_vehicle,0,0.0,0.0,10.1554,16000,1,16,0.10901,0.194718,0.55807036,False,Male,30-45,Urdu,Gujarat,Ahmedabad,Graduate,Full Time,Technology and Services
S0184,S0184_snr_0dB_armored_vehicle.wav,male_0089.wav,freesound_community-robot-tank-34600.mp3,armored_vehicle,0,0.0,0.0,13.0983,16000,1,16,0.057757,0.060445,0.94795482,False,Male,30-45,Maithili,Bihar,Samastipur,Doctoral (PhD) or higher level,Full Time,Education and Research
S0185,S0185_snr_0dB_armored_vehicle.wav,male_0328.wav,the-sound-of-a-tank-truck-engine-factory.mp3,armored_vehicle,0,0.0,0.0,6.4833,16000,1,16,0.074887,0.213932,0.33581941,False,Male,60+,Marathi,Maharashtra,Solapur,Graduate,Full Time,Healthcare (Medical &amp; Pharma)
S0186,S0186_snr_0dB_armored_vehicle.wav,male_0476.wav,"Armored personnel carrier, armored car.mp3",armored_vehicle,0,0.0,0.0,6.6856,16000,1,16,0.107551,0.126384,0.84692447,False,Male,30-45,Hindi,Gujarat,Vadodara,Post Graduate,Full Time,Information and Media
S0187,S0187_snr_0dB_armored_vehicle.wav,male_0982.wav,military-engine-sound.mp3,armored_vehicle,0,0.0,0.0,6.4781,16000,1,16,0.112689,0.121913,0.77027785,False,Male,30-45,Marathi,Maharashtra,Raigad,Post Graduate,Full Time,Education and Research
S0188,S0188_snr_0dB_armored_vehicle.wav,male_0851.wav,the-sound-of-the-movement-of-the-tank-caterpillar-and-motor.mp3,armored_vehicle,0,-0.0,-0.0,6.5409,16000,1,16,0.001136,0.087098,0.01757074,False,Male,45-60,Kashmiri,Jammu Kashmir,Srinagar,Doctoral (PhD) or higher level,Full Time,Education and Research
S0189,S0189_snr_0dB_armored_vehicle.wav,male_0893.wav,tank-passing-by.mp3,armored_vehicle,0,0.0,0.0,6.703,16000,1,16,0.02022,0.045227,5.42961235,False,Male,30-45,Maithili,Bihar,Darbhanga,Post Graduate,Full Time,Education and Research
S0190,S0190_snr_0dB_armored_vehicle.wav,male_0376.wav,Tank engine idling.mp3,armored_vehicle,0,0.0,0.0,10.6722,16000,1,16,0.080916,0.123317,0.6260395,False,Male,45-60,Gujarati,Gujarat,Amreli,Post Graduate,Part Time,Education and Research
S0191,S0191_snr_0dB_armored_vehicle.wav,male_0179.wav,the-sound-of-a-tanker-truck.mp3,armored_vehicle,0,0.0,0.0,12.24,16000,1,16,0.116866,0.295403,0.39661382,False,Male,18-30,Nepali,West Bengal,Kalimpong,Post Graduate,Part Time,Social service
S0192,S0192_snr_0dB_artillery.wav,male_0027.wav,magiaz-tiro_de_canhao-397924.mp3,artillery,0,0.0,0.0,3.0443,16000,1,16,0.143967,0.031031,6.83229427,False,Male,18-30,Assamese,Assam,Kamrup Metropolitan,Post Graduate,Full Time,Education and Research
S0193,S0193_snr_0dB_artillery.wav,male_0350.wav,freesound_community-cannon_charge_mac-82081.mp3,artillery,0,0.0,0.0,3.332,16000,1,16,0.025604,0.070122,0.30385501,False,Male,30-45,Maithili,Bihar,Darbhanga,Post Graduate,Full Time,Education and Research
S0194,S0194_snr_0dB_artillery.wav,male_0500.wav,magiaz-canhao-397921.mp3,artillery,0,0.0,0.0,12.3375,16000,1,16,0.042766,0.028278,1.42935379,False,Male,18-30,Assamese,Assam,Kamrup Metropolitan,Post Graduate,Full Time,Education and Research
S0195,S0195_snr_0dB_artillery.wav,male_0475.wav,freesound_community-explosion-36210.mp3,artillery,0,-0.0,-0.0,3.3582,16000,1,16,0.101058,0.273704,0.36737291,False,Male,18-30,Konkani,Goa,South Goa,Post Graduate,Full Time,Technology and Services
S0196,S0196_snr_0dB_artillery.wav,male_0618.wav,freesound_community-laser-cannon-02-33201 (1).mp3,artillery,0,0.0,0.0,4.366,16000,1,16,0.12815,0.065798,1.7761892,False,Male,30-45,Gujarati,Gujarat,Sabarkantha,Post Graduate,Part Time,Education and Research
S0197,S0197_snr_0dB_artillery.wav,male_0698.wav,freesound_community-k-55-artillery-75952.mp3,artillery,0,0.0,0.0,3.6334,16000,1,16,0.042702,0.106577,0.33602788,False,Male,18-30,Assamese,Assam,Lakhimpur,Post Graduate,Full Time,Technology and Services
S0198,S0198_snr_0dB_artillery.wav,male_0051.wav,freesound_community-heavy-beam-weapon-7052.mp3,artillery,0,0.0,0.0,19.0829,16000,1,16,0.016858,0.391465,0.04627724,False,Male,30-45,Maithili,Bihar,Sitamarhi,Graduate,Part Time,Education and Research
S0199,S0199_snr_0dB_artillery.wav,male_0212.wav,singularitysmarauder-industrial-punch-215148.mp3,artillery,0,0.0,0.0,6.8786,16000,1,16,0.046617,0.132809,0.34745313,False,Male,18-30,Assamese,Assam,Kamrup Metropolitan,Post Graduate,Full Time,Education and Research
S0200,S0200_snr_0dB_artillery.wav,male_0382.wav,freesound_community-pvc-rocket-cannon-90116.mp3,artillery,0,0.0,0.0,3.5383,16000,1,16,0.109896,0.034781,3.28258087,False,Male,18-30,Odia,Odisha,Sundergarh,Post Graduate,Full Time,Education and Research
S0201,S0201_snr_0dB_artillery.wav,male_0884.wav,magiaz-tank_gunfire-496032.mp3,artillery,0,0.0,0.0,4.6543,16000,1,16,0.093035,0.075628,1.18215545,False,Male,18-30,Assamese,Assam,Kamrup Metropolitan,Post Graduate,Full Time,Education and Research
S0202,S0202_snr_0dB_artillery.wav,male_0174.wav,soundtaker-heavy-shot-sound-477215.mp3,artillery,0,-0.0,-0.0,10.7256,16000,1,16,0.174038,0.162408,1.04126288,False,Male,18-30,Odia,Odisha,Sundergarh,Post Graduate,Full Time,Education and Research
S0203,S0203_snr_0dB_artillery.wav,male_0148.wav,freesound_community-laser-gun-sound-26392.mp3,artillery,0,0.0,0.0,11.7684,16000,1,16,0.125025,0.003274,36.73304576,False,Male,30-45,Kashmiri,Jammu Kashmir,Anantnag,Doctoral (PhD) or higher level,Full Time,Education and Research
S0204,S0204_snr_0dB_artillery.wav,male_0420.wav,dennish18-modern-war-129016.mp3,artillery,0,0.0,0.0,14.5761,16000,1,16,0.096262,0.083562,1.05223441,False,Male,18-30,Nepali,West Bengal,Kalimpong,Post Graduate,Part Time,Social service
S0205,S0205_snr_0dB_artillery.wav,male_0962.wav,freesound_community-explosion-6055 (1).mp3,artillery,0,0.0,0.0,4.7949,16000,1,16,0.188481,0.150909,1.56591587,False,Male,18-30,Odia,Odisha,Sundergarh,Post Graduate,Full Time,Education and Research
S0206,S0206_snr_0dB_artillery.wav,male_0149.wav,freesound_community-cannon-fire-107719.mp3,artillery,0,0.0,0.0,12.5435,16000,1,16,0.109789,0.074611,1.45177723,False,Male,45-60,Dogri,Jammu Kashmir,Jammu,Graduate,Full Time,Retail
S0207,S0207_snr_0dB_artillery.wav,male_0976.wav,freesound_community-laser-cannon-106734.mp3,artillery,0,0.0,0.0,12.5986,16000,1,16,0.148875,0.07417,1.76397823,False,Male,18-30,Gujarati,Gujarat,Sabarkantha,Post Graduate,Full Time,Information and Media
S0208,S0208_snr_0dB_artillery.wav,male_0080.wav,magiaz-shooting_in_a_war-422511.mp3,artillery,0,0.0,0.0,3.6912,16000,1,16,0.018722,0.278045,0.05832447,False,Male,18-30,Dogri,Jammu Kashmir,Jammu,Senior Secondary Level at School (10+2),Full Time,Technology and Services
S0209,S0209_snr_0dB_artillery.wav,male_0776.wav,yodguard-heavy-gun-or-cannon-5-402768.mp3,artillery,0,0.0,0.0,14.5,16000,1,16,0.057505,0.103802,0.5566392,False,Male,60+,Konkani,Goa,North Goa,Graduate,Full Time,Financial Services (Banking and Insurance)
S0210,S0210_snr_0dB_artillery.wav,male_0303.wav,freesound_community-boom_c_06-102838.mp3,artillery,0,0.0,0.0,13.476,16000,1,16,0.016627,0.039258,0.42420092,False,Male,30-45,Maithili,Bihar,Sitamarhi,Graduate,Part Time,Education and Research
S0211,S0211_snr_0dB_artillery.wav,male_0996.wav,freesound_community-incoming-mortar-4-104654.mp3,artillery,0,0.0,0.0,6.0819,16000,1,16,0.092879,0.453829,0.19887406,False,Male,18-30,Nepali,West Bengal,Kalimpong,Post Graduate,Part Time,Social service
S0212,S0212_snr_0dB_artillery.wav,male_0526.wav,yodguard-heavy-gun-or-cannon-7-402769.mp3,artillery,0,0.0,0.0,9.9834,16000,1,16,0.104849,0.097824,1.1893198,False,Male,18-30,Odia,Odisha,Sundergarh,Post Graduate,Full Time,Education and Research
S0213,S0213_snr_0dB_artillery.wav,male_0775.wav,soundreality-guns-battle-525008.mp3,artillery,0,0.0,0.0,8.0784,16000,1,16,0.06324,0.118687,0.51396963,False,Male,30-45,Maithili,Bihar,Samastipur,Doctoral (PhD) or higher level,Full Time,Education and Research
S0214,S0214_snr_0dB_artillery.wav,male_0232.wav,freesound_community-artillery-gunfire-14607.mp3,artillery,0,0.0,0.0,4.5251,16000,1,16,0.060096,0.232409,0.28674863,False,Male,30-45,Kashmiri,Jammu Kashmir,Anantnag,Doctoral (PhD) or higher level,Full Time,Education and Research
S0215,S0215_snr_0dB_artillery.wav,male_0626.wav,dev_guy-ww2-field-artillery-389483.mp3,artillery,0,0.0,0.0,10.9278,16000,1,16,0.030571,0.046395,0.76400361,False,Male,18-30,Kannada,Karnataka,Bangalore Urban,Graduate,Part Time,Information and Media
S0216,S0216_snr_0dB_drone.wav,male_0801.wav,se_nwermp3wifo5crx6.wav,drone,0,0.0,0.0,4.5997,16000,1,16,0.035943,0.172925,0.17735684,False,Male,45-60,Bodo,Assam,Udalguri,Doctoral (PhD) or higher level,Freelance,Education and Research
S0217,S0217_snr_0dB_drone.wav,male_0562.wav,fpv-drone-noise-coming-pa-57d24j2y.wav,drone,0,-0.0,-0.0,8.4162,16000,1,16,0.15927,0.160595,0.95729377,False,Male,30-45,Urdu,Gujarat,Ahmedabad,Graduate,Full Time,Technology and Services
S0218,S0218_snr_0dB_drone.wav,male_0510.wav,male-drone-voice-resonati-ik5netb2.wav,drone,0,0.0,0.0,7.4261,16000,1,16,0.017778,0.086822,0.18034798,False,Male,30-45,Maithili,Bihar,Darbhanga,Post Graduate,Full Time,Education and Research
S0219,S0219_snr_0dB_drone.wav,male_0841.wav,low-eerie-drone-evaucfte.wav,drone,0,-0.0,-0.0,3.4298,16000,1,16,0.179852,0.170054,1.02774999,False,Male,18-30,Odia,Odisha,Sundergarh,Post Graduate,Full Time,Education and Research
S0220,S0220_snr_0dB_drone.wav,male_0495.wav,drone-sound-66wdpczq.wav,drone,0,-0.0,-0.0,6.2149,16000,1,16,0.029924,0.354652,0.07455185,False,Male,45-60,Bodo,Assam,Udalguri,Doctoral (PhD) or higher level,Freelance,Education and Research
S0221,S0221_snr_0dB_drone.wav,male_0120.wav,dense-atmospheric-drone-l-g2u34xb7.wav,drone,0,0.0,0.0,6.6247,16000,1,16,0.086121,0.219424,0.37692729,False,Male,60+,Marathi,Maharashtra,Solapur,Graduate,Full Time,Healthcare (Medical &amp; Pharma)
S0222,S0222_snr_0dB_drone.wav,male_0478.wav,heavy-low-drone--very-enza5k22.wav,drone,0,0.0,0.0,5.68,16000,1,16,0.035306,0.413663,0.08475487,False,Male,30-45,Maithili,Bihar,Samastipur,Doctoral (PhD) or higher level,Full Time,Education and Research
S0223,S0223_snr_0dB_drone.wav,male_0145.wav,dynamic-glitch-drone-with-uos55kwj.wav,drone,0,0.0,0.0,8.56,16000,1,16,0.083961,0.194053,0.40928358,False,Male,18-30,Nepali,West Bengal,Kalimpong,Post Graduate,Part Time,Social service
S0224,S0224_snr_0dB_drone.wav,male_0030.wav,low-rumble-drone-ics5zs5q.wav,drone,0,0.0,0.0,4.6696,16000,1,16,0.176744,0.596496,0.29284875,False,Male,18-30,Gujarati,Gujarat,Sabarkantha,Post Graduate,Full Time,Information and Media
S0225,S0225_snr_0dB_drone.wav,male_0911.wav,se_bxcffarajo3z4kxy.wav,drone,0,-0.0,-0.0,5.7845,16000,1,16,0.102073,0.122907,0.67839815,False,Male,30-45,Gujarati,Gujarat,Sabarkantha,Post Graduate,Part Time,Education and Research
S0226,S0226_snr_0dB_drone.wav,male_0122.wav,reverb-tail--low-ambient-rq4y4igd.wav,drone,0,0.0,0.0,4.7784,16000,1,16,0.060627,0.162496,0.37583572,False,Male,45-60,Tamil,Tamil Nadu,Karur,Post Graduate,Full Time,Information and Media
S0227,S0227_snr_0dB_drone.wav,male_0606.wav,dragon-studio-deep-haunting-drone-482880.mp3,drone,0,0.0,0.0,4.91,16000,1,16,0.044335,0.135445,0.39481857,False,Male,60+,Odia,Odisha,Sundergarh,Graduate,Freelance,Education and Research
S0228,S0228_snr_0dB_drone.wav,male_0062.wav,dji-drone-turn-on-nmwy7qft.wav,drone,0,0.0,0.0,7.3252,16000,1,16,0.10607,0.111591,0.93000194,False,Male,30-45,Urdu,Gujarat,Ahmedabad,Graduate,Full Time,Technology and Services
S0229,S0229_snr_0dB_drone.wav,male_0872.wav,low-hum-of-delhi-skyline-6jfnlp23.wav,drone,0,0.0,0.0,4.8988,16000,1,16,0.032422,0.125984,0.24525852,False,Male,45-60,Bodo,Assam,Udalguri,Doctoral (PhD) or higher level,Freelance,Education and Research
S0230,S0230_snr_0dB_drone.wav,male_0573.wav,alienated-mood-lonliness--ksnnsqgf.wav,drone,0,0.0,0.0,4.72,16000,1,16,0.136088,0.113918,1.18802352,False,Male,18-30,Nepali,West Bengal,Kalimpong,Post Graduate,Part Time,Social service
S0231,S0231_snr_0dB_drone.wav,male_0006.wav,deepened-drone--silence-s6hnd6zh.wav,drone,0,-0.0,-0.0,6.4688,16000,1,16,0.008344,0.146655,0.05639109,False,Male,45-60,Odia,Odisha,Puri,Doctoral (PhD) or higher level,Full Time,Education and Research
S0232,S0232_snr_0dB_drone.wav,male_0927.wav,se_5xop35ok5xdn2w6b.wav,drone,0,0.0,0.0,7.7004,16000,1,16,0.081718,0.231751,0.3347196,False,Male,45-60,Telugu,Telangana,Hyderabad,Doctoral (PhD) or higher level,Full Time,Education and Research
S0233,S0233_snr_0dB_drone.wav,male_0640.wav,se_q7orkzfb5pgcqi4a.wav,drone,0,-0.0,-0.0,3.3201,16000,1,16,0.156591,0.043467,2.95115886,False,Male,30-45,Urdu,Gujarat,Ahmedabad,Graduate,Full Time,Technology and Services
S0234,S0234_snr_0dB_drone.wav,male_0440.wav,tanpura-sound-layered-wit-mky5mck7.wav,drone,0,0.0,0.0,3.9596,16000,1,16,0.020264,0.077422,0.45872743,False,Male,60+,Bengali,West Bengal,South 24 Parganas,Post Graduate,Other,Financial Services (Banking and Insurance)
S0235,S0235_snr_0dB_drone.wav,male_0730.wav,se_rxryvukggbmm5r62.wav,drone,0,0.0,0.0,3.9488,16000,1,16,0.087137,0.192003,0.45453394,False,Male,60+,Marathi,Maharashtra,Solapur,Graduate,Full Time,Healthcare (Medical &amp; Pharma)
S0236,S0236_snr_0dB_drone.wav,male_0194.wav,expanding-ambience-with-d-imqrwd5f.wav,drone,0,0.0,0.0,4.2245,16000,1,16,0.095442,0.131262,0.66260679,False,Male,45-60,Urdu,Gujarat,Ahmedabad,Diploma Holder,Other,Government
S0237,S0237_snr_0dB_drone.wav,male_0753.wav,sound-effect-of-a-7-inch-jyqyj7cn.wav,drone,0,0.0,0.0,6.575,16000,1,16,0.119576,0.161802,0.74423215,False,Male,30-45,Gujarati,Gujarat,Sabarkantha,Post Graduate,Part Time,Education and Research
S0238,S0238_snr_0dB_drone.wav,male_0627.wav,low-dark-drone-start-6wddtn5u.wav,drone,0,0.0,0.0,6.4592,16000,1,16,0.084778,0.330634,0.26599924,False,Male,45-60,Malayalam,Kerala,Pathanamthitta,Graduate,Full Time,Government
S0239,S0239_snr_0dB_drone.wav,male_0572.wav,se_tse6r4vs6dx46uxw.wav,drone,0,-0.0,-0.0,27.0326,16000,1,16,0.059234,0.183955,0.31692961,False,Male,30-45,Marathi,Maharashtra,Raigad,Post Graduate,Full Time,Education and Research
S0240,S0240_snr_0dB_siren.wav,male_0018.wav,jeremayjimenez-austria-eas-alarm-486289.mp3,siren,0,0.0,0.0,8.2081,16000,1,16,0.120865,0.168409,0.67183426,False,Male,18-30,Bengali,West Bengal,Kolkata,Doctoral (PhD) or higher level,Full Time,Education and Research
S0241,S0241_snr_0dB_siren.wav,male_0743.wav,war-alarm-sound-long.mp3,siren,0,0.0,0.0,7.6506,16000,1,16,0.051293,0.132944,0.48400506,False,Male,30-45,Maithili,Bihar,Samastipur,Doctoral (PhD) or higher level,Full Time,Education and Research
S0242,S0242_snr_0dB_siren.wav,male_0915.wav,freesound_community-siren_short_low-78304.mp3,siren,0,0.0,0.0,3.9272,16000,1,16,0.167418,0.051703,140.85153617,False,Male,30-45,Urdu,Gujarat,Ahmedabad,Graduate,Full Time,Technology and Services
S0243,S0243_snr_0dB_siren.wav,male_0511.wav,the-sound-of-an-air-raid-siren.mp3,siren,0,0.0,0.0,14.0422,16000,1,16,0.087333,0.052361,2.07442154,False,Male,18-30,Nepali,West Bengal,Kalimpong,Post Graduate,Part Time,Social service
S0244,S0244_snr_0dB_siren.wav,male_0574.wav,matthewvakaliuk73627-russia-eas-alarm-alt-298272.mp3,siren,0,0.0,0.0,4.3691,16000,1,16,0.0886,0.141537,0.54851107,False,Male,30-45,Dogri,Jammu Kashmir,Jammu,Graduate,Full Time,Technology and Services
S0245,S0245_snr_0dB_siren.wav,male_0139.wav,11325622-air-raid-siren-sound-effect-241383.mp3,siren,0,0.0,0.0,4.6601,16000,1,16,0.160442,0.068735,1.62397433,False,Male,30-45,Urdu,Gujarat,Ahmedabad,Graduate,Full Time,Technology and Services
S0246,S0246_snr_0dB_siren.wav,male_0192.wav,dennish18-military-alarm-129017.mp3,siren,0,0.0,0.0,8.4498,16000,1,16,0.16831,0.155877,0.95880038,False,Male,18-30,Nepali,West Bengal,Kalimpong,Post Graduate,Part Time,Social service
S0247,S0247_snr_0dB_siren.wav,male_0005.wav,jeremayjimenez-greece-eas-alarm-451404.mp3,siren,0,0.0,0.0,5.4376,16000,1,16,0.09783,0.110197,0.88633368,False,Male,30-45,Malayalam,Kerala,Palakkad,Post Graduate,Full Time,Technology and Services
S0248,S0248_snr_0dB_siren.wav,male_0444.wav,96973__kizilsungur__military_alarm.wav,siren,0,0.0,0.0,5.0001,16000,1,16,0.149183,0.156214,0.78127036,False,Male,30-45,Urdu,Gujarat,Ahmedabad,Graduate,Full Time,Technology and Services
S0249,S0249_snr_0dB_siren.wav,male_0021.wav,military_base_alarm_#1-1789013105690.mp3,siren,0,-0.0,-0.0,5.4642,16000,1,16,0.034321,0.182493,0.18725304,False,Male,18-30,Hindi,Maharashtra,Pune,Under Graduate Student,Freelance,Financial Services (Banking and Insurance)
S0250,S0250_snr_0dB_siren.wav,male_0214.wav,freesound_community-siren-alert-96052.mp3,siren,0,0.0,0.0,5.4944,16000,1,16,0.088916,0.142105,0.62258276,False,Male,18-30,Konkani,Goa,South Goa,Post Graduate,Full Time,Technology and Services
S0251,S0251_snr_0dB_siren.wav,male_0065.wav,jeremayjimenez-austria-eas-alarm-486289 (1).mp3,siren,0,0.0,0.0,3.92,16000,1,16,0.054446,0.168409,0.36057217,False,Male,45-60,Malayalam,Kerala,Pathanamthitta,Graduate,Full Time,Government
S0252,S0252_snr_0dB_siren.wav,male_0412.wav,mixkit-vintage-manual-fire-siren-1651.wav,siren,0,0.0,0.0,5.76,16000,1,16,0.097345,0.168668,0.41317135,False,Male,18-30,Nepali,West Bengal,Kalimpong,Post Graduate,Part Time,Social service
S0253,S0253_snr_0dB_siren.wav,male_0302.wav,scary-alarm-siren-fx_7bpm.wav,siren,0,0.0,0.0,7.7511,16000,1,16,0.130524,0.203181,0.53235794,False,Male,60+,Punjabi,Punjab,Rupnagar,Graduate,Other,Government
S0254,S0254_snr_0dB_siren.wav,male_0334.wav,freesound_community-alarm-26718.mp3,siren,0,0.0,0.0,10.7021,16000,1,16,0.007677,0.328799,0.02349972,False,Male,30-45,Sindhi,Rajasthan,Ajmer,Post Graduate,Part Time,Government
S0255,S0255_snr_0dB_siren.wav,male_0193.wav,classic-london-siren-alarm-fx_78bpm.wav,siren,0,0.0,0.0,7.12,16000,1,16,0.055291,0.162917,0.32216664,False,Male,30-45,Tamil,Karnataka,Bangalore Rural,Doctoral (PhD) or higher level,Full Time,Education and Research
S0256,S0256_snr_0dB_siren.wav,male_0665.wav,lazychillzone-air-raid-siren-225303.mp3,siren,0,0.0,0.0,7.3943,16000,1,16,0.106467,0.211005,0.43906699,False,Male,18-30,Odia,Odisha,Sundergarh,Post Graduate,Full Time,Education and Research
S0257,S0257_snr_0dB_siren.wav,male_0263.wav,jeremayjimenez-bermuda-eas-alarm-2025-my-own-alarm-441470.mp3,siren,0,0.0,0.0,7.9702,16000,1,16,0.148326,0.248528,0.58394636,False,Male,18-30,Gujarati,Gujarat,Sabarkantha,Post Graduate,Full Time,Information and Media
S0258,S0258_snr_0dB_siren.wav,male_0648.wav,emergency_alarm.mp3,siren,0,0.0,0.0,6.9271,16000,1,16,0.059919,0.447525,0.13184032,False,Male,30-45,Dogri,Jammu Kashmir,Jammu,Graduate,Full Time,Technology and Services
S0259,S0259_snr_0dB_siren.wav,male_0811.wav,war-alarm-fx_132bpm.wav,siren,0,-0.0,-0.0,9.16,16000,1,16,0.089179,0.121809,0.67681919,False,Male,18-30,Nepali,West Bengal,Kalimpong,Post Graduate,Part Time,Social service
S0260,S0260_snr_0dB_siren.wav,male_0233.wav,jeremayjimenez-taiwan-eas-alarm-501825.mp3,siren,0,0.0,0.0,9.0934,16000,1,16,0.109043,0.088986,1.092926,False,Male,18-30,Nepali,West Bengal,Kalimpong,Post Graduate,Part Time,Social service
S0261,S0261_snr_0dB_siren.wav,male_0796.wav,freesound_community-red-alert_nuclear_buzzer-99741 (1).mp3,siren,0,0.0,0.0,8.1628,16000,1,16,0.005688,0.168825,0.0331632,False,Male,30-45,Sindhi,Rajasthan,Ajmer,Post Graduate,Part Time,Government
S0262,S0262_snr_0dB_siren.wav,male_0682.wav,sound-of-evacuation.mp3,siren,0,0.0,0.0,9.0902,16000,1,16,0.080317,0.054897,1.70889444,False,Male,18-30,Konkani,Goa,South Goa,Post Graduate,Full Time,Technology and Services
S0263,S0263_snr_0dB_siren.wav,male_0805.wav,jeremayjimenez-saudi-arabia-eas-alarm-2024-my-own-alarm-422164.mp3,siren,0,0.0,0.0,3.6,16000,1,16,0.051207,0.258334,0.19942363,False,Male,60+,Konkani,Goa,North Goa,Graduate,Full Time,Financial Services (Banking and Insurance)
S0264,S0264_snr_0dB_gunshot.wav,male_0483.wav,19.mp3,gunshot,0,-0.0,-0.0,3.24,16000,1,16,0.050384,0.121212,0.4235825,False,Male,30-45,Maithili,Bihar,Samastipur,Doctoral (PhD) or higher level,Full Time,Education and Research
S0265,S0265_snr_0dB_gunshot.wav,male_0361.wav,55.mp3,gunshot,0,0.0,0.0,6.0,16000,1,16,0.088362,0.095474,0.92292694,False,Male,60+,Assamese,Assam,Biswanath,Post Graduate,Other,Education and Research
S0266,S0266_snr_0dB_gunshot.wav,male_0839.wav,25.mp3,gunshot,0,0.0,0.0,4.1896,16000,1,16,0.171393,0.258513,0.62704071,False,Male,30-45,Gujarati,Gujarat,Sabarkantha,Post Graduate,Part Time,Education and Research
S0267,S0267_snr_0dB_gunshot.wav,male_0237.wav,36.mp3,gunshot,0,-0.0,-0.0,4.5119,16000,1,16,0.085982,0.137163,0.68815148,False,Male,60+,Marathi,Maharashtra,Solapur,Graduate,Full Time,Healthcare (Medical &amp; Pharma)
S0268,S0268_snr_0dB_gunshot.wav,male_0628.wav,37.mp3,gunshot,0,0.0,0.0,11.1086,16000,1,16,0.030006,0.124991,0.27508319,False,Male,30-45,Kannada,Karnataka,Bangalore Urban,Post Graduate,Full Time,Education and Research
S0269,S0269_snr_0dB_gunshot.wav,male_0958.wav,4.mp3,gunshot,0,0.0,0.0,11.0678,16000,1,16,0.030377,0.066609,0.44957334,False,Male,18-30,Kannada,Karnataka,Bangalore Urban,Graduate,Part Time,Information and Media
S0270,S0270_snr_0dB_gunshot.wav,male_0583.wav,44.mp3,gunshot,0,0.0,0.0,12.0914,16000,1,16,0.067207,0.039828,1.7651884,False,Male,45-60,Telugu,Telangana,Hyderabad,Doctoral (PhD) or higher level,Full Time,Education and Research
S0271,S0271_snr_0dB_gunshot.wav,male_0273.wav,68.wav,gunshot,0,0.0,0.0,3.7827,16000,1,16,0.064509,0.065023,1.11712831,False,Male,30-45,Assamese,Assam,Nagaon,Post Graduate,Full Time,Education and Research
S0272,S0272_snr_0dB_gunshot.wav,male_0202.wav,61.wav,gunshot,0,0.0,0.0,22.2771,16000,1,16,0.016169,0.308401,0.05315587,False,Male,30-45,Maithili,Bihar,Sitamarhi,Graduate,Part Time,Education and Research
S0273,S0273_snr_0dB_gunshot.wav,male_0014.wav,27.mp3,gunshot,0,-0.0,-0.0,5.9428,16000,1,16,0.083234,0.17405,0.48334192,False,Male,30-45,Hindi,Gujarat,Vadodara,Post Graduate,Full Time,Information and Media
S0274,S0274_snr_0dB_gunshot.wav,male_0428.wav,28.mp3,gunshot,0,0.0,0.0,3.0621,16000,1,16,0.096512,0.041871,27.03722528,False,Male,30-45,Bengali,West Bengal,Kolkata,Graduate,Freelance,Entertainment
S0275,S0275_snr_0dB_gunshot.wav,male_0240.wav,14.mp3,gunshot,0,-0.0,-0.0,3.9103,16000,1,16,0.028804,0.16179,0.20636422,False,Male,18-30,Hindi,Maharashtra,Pune,Under Graduate Student,Freelance,Financial Services (Banking and Insurance)
S0276,S0276_snr_0dB_gunshot.wav,male_0085.wav,13.mp3,gunshot,0,0.0,0.0,9.08,16000,1,16,0.133591,0.177627,0.70428753,False,Male,30-45,Urdu,Gujarat,Ahmedabad,Graduate,Full Time,Technology and Services
S0277,S0277_snr_0dB_gunshot.wav,male_0533.wav,38.mp3,gunshot,0,0.0,0.0,14.0,16000,1,16,0.073286,0.142692,0.57336534,False,Male,60+,Konkani,Goa,North Goa,Graduate,Full Time,Financial Services (Banking and Insurance)
S0278,S0278_snr_0dB_gunshot.wav,male_0173.wav,create-a-perfectly-seamle-ewzby4fr.wav,gunshot,0,0.0,0.0,10.52,16000,1,16,0.117607,0.195427,0.60336631,False,Male,18-30,Nepali,West Bengal,Kalimpong,Post Graduate,Part Time,Social service
S0279,S0279_snr_0dB_gunshot.wav,male_0290.wav,60.wav,gunshot,0,0.0,0.0,11.4449,16000,1,16,0.1561,0.264718,0.58935239,False,Male,30-45,Gujarati,Gujarat,Sabarkantha,Post Graduate,Part Time,Education and Research
S0280,S0280_snr_0dB_gunshot.wav,male_0486.wav,Close-mic_gunshot_wi_#1-1789001937788.mp3,gunshot,0,0.0,0.0,8.7513,16000,1,16,0.061346,0.081326,0.79485165,False,Male,30-45,Maithili,Bihar,Samastipur,Doctoral (PhD) or higher level,Full Time,Education and Research
S0281,S0281_snr_0dB_gunshot.wav,male_0330.wav,73.mp3,gunshot,0,0.0,0.0,13.7003,16000,1,16,0.05203,0.220831,0.23546943,False,Male,60+,Konkani,Goa,North Goa,Graduate,Full Time,Financial Services (Banking and Insurance)
S0282,S0282_snr_0dB_gunshot.wav,male_0684.wav,77.mp3,gunshot,0,0.0,0.0,5.2574,16000,1,16,0.092978,0.126538,0.84018617,False,Male,18-30,Odia,Odisha,Sundergarh,Post Graduate,Full Time,Education and Research
S0283,S0283_snr_0dB_gunshot.wav,male_0319.wav,45.mp3,gunshot,0,0.0,0.0,7.549,16000,1,16,0.097797,0.084617,1.16393757,False,Male,30-45,Kashmiri,Jammu Kashmir,Anantnag,Doctoral (PhD) or higher level,Full Time,Education and Research
S0284,S0284_snr_0dB_gunshot.wav,male_0455.wav,Close-mic_gunshot_wi_#1-1789002065220.mp3,gunshot,0,0.0,0.0,9.5833,16000,1,16,0.069392,0.081326,0.88047655,False,Male,30-45,Maithili,Bihar,Samastipur,Doctoral (PhD) or higher level,Full Time,Education and Research
S0285,S0285_snr_0dB_gunshot.wav,male_0250.wav,Close-mic_gunshot_wi_#4-1789002081421.mp3,gunshot,0,-0.0,-0.0,5.9387,16000,1,16,0.100299,0.126861,0.82840423,False,Male,30-45,Kashmiri,Jammu Kashmir,Anantnag,Doctoral (PhD) or higher level,Full Time,Education and Research
S0286,S0286_snr_0dB_gunshot.wav,male_0847.wav,Close-mic_gunshot_wi_#1-1789001924366.mp3,gunshot,0,0.0,0.0,4.98,16000,1,16,0.052861,0.081326,0.83735923,False,Male,18-30,Konkani,Goa,South Goa,Post Graduate,Full Time,Technology and Services
S0287,S0287_snr_0dB_gunshot.wav,male_0280.wav,62.wav,gunshot,0,0.0,0.0,12.4214,16000,1,16,0.106896,0.067339,1.78677912,False,Male,45-60,Dogri,Jammu Kashmir,Jammu,Graduate,Full Time,Retail
S0288,S0288_snr_0dB_helicopter.wav,male_0456.wav,706415__felixblume__helicopter-flying-near-a-military-base-very-loud-with-road-and-city-hum-slight-wind-in-the-desert.wav,helicopter,0,0.0,0.0,12.1685,16000,1,16,0.060135,0.02603,5.12682748,False,Male,18-30,Konkani,Goa,South Goa,Post Graduate,Full Time,Technology and Services
S0289,S0289_snr_0dB_helicopter.wav,male_0902.wav,freesound_community-helicopter-flyby-64248.mp3,helicopter,0,0.0,0.0,3.4991,16000,1,16,0.039167,0.046151,2.53141593,False,Male,45-60,Bodo,Assam,Udalguri,Doctoral (PhD) or higher level,Freelance,Education and Research
S0290,S0290_snr_0dB_helicopter.wav,male_0762.wav,magiaz-helicopter-331266.mp3,helicopter,0,-0.0,-0.0,4.4002,16000,1,16,0.12415,0.047949,2.63668993,False,Male,18-30,Odia,Odisha,Sundergarh,Post Graduate,Full Time,Education and Research
S0291,S0291_snr_0dB_helicopter.wav,male_0548.wav,juliush-helicopter-8030 (1).mp3,helicopter,0,0.0,0.0,6.4716,16000,1,16,0.077232,0.117397,0.57155595,False,Male,30-45,Assamese,Assam,Nagaon,Post Graduate,Full Time,Education and Research
S0292,S0292_snr_0dB_helicopter.wav,male_0181.wav,soundreality-helicopter-2-216633.mp3,helicopter,0,0.0,0.0,4.5106,16000,1,16,0.14096,0.306907,0.42614536,False,Male,18-30,Bengali,West Bengal,Kolkata,Doctoral (PhD) or higher level,Full Time,Education and Research
S0293,S0293_snr_0dB_helicopter.wav,male_0558.wav,freesound_community-helicopter-68375.mp3,helicopter,0,0.0,0.0,6.0723,16000,1,16,0.119578,0.082817,1.21464504,False,Male,30-45,Malayalam,Kerala,Palakkad,Post Graduate,Full Time,Technology and Services
S0294,S0294_snr_0dB_helicopter.wav,male_0629.wav,freesound_community-helicopter-74056.mp3,helicopter,0,0.0,0.0,10.4478,16000,1,16,0.021017,0.034017,0.57793791,False,Male,30-45,Maithili,Bihar,Darbhanga,Post Graduate,Full Time,Education and Research
S0295,S0295_snr_0dB_helicopter.wav,male_0424.wav,freesound_community-helicopter-beat-47617.mp3,helicopter,0,-0.0,-0.0,3.6372,16000,1,16,0.053891,0.024734,2.11160337,False,Male,18-30,Telugu,Andhra Pradesh,Prakasam,Under Graduate Student,Full Time,Technology and Services
S0296,S0296_snr_0dB_helicopter.wav,male_0844.wav,854493__qubodup__uh60-black-hawk-helicopter-hover-loop-1.wav,helicopter,0,0.0,0.0,3.7963,16000,1,16,0.14677,0.150193,0.97863149,False,Male,18-30,Gujarati,Gujarat,Sabarkantha,Post Graduate,Full Time,Information and Media
S0297,S0297_snr_0dB_helicopter.wav,male_0011.wav,741812__inspire153__helicopter.wav,helicopter,0,0.0,0.0,3.1555,16000,1,16,0.131572,0.079194,1.78040528,False,Male,30-45,Malayalam,Kerala,Palakkad,Post Graduate,Full Time,Technology and Services
S0298,S0298_snr_0dB_helicopter.wav,male_0200.wav,mixkit-cinematic-riser-helicopter-engine-2719.wav,helicopter,0,0.0,0.0,4.96,16000,1,16,0.125126,0.099033,0.79097122,False,Male,18-30,Nepali,West Bengal,Kalimpong,Post Graduate,Part Time,Social service
S0299,S0299_snr_0dB_helicopter.wav,male_0426.wav,kalsstockmedia-helecopter-slowing-down-and-speeding-looped-341996.mp3,helicopter,0,-0.0,-0.0,3.4185,16000,1,16,0.055711,0.238348,0.22946597,False,Male,45-60,Nepali,Meghalaya,Ri Bhoi,Post Graduate,Full Time,Education and Research
S0300,S0300_snr_0dB_helicopter.wav,male_0535.wav,chrysalyn-helicopter-flyby-approaching-and-leaving-537641.mp3,helicopter,0,0.0,0.0,4.3295,16000,1,16,0.08977,0.078348,0.9321316,False,Male,45-60,Malayalam,Kerala,Pathanamthitta,Graduate,Full Time,Government
S0301,S0301_snr_0dB_helicopter.wav,male_0032.wav,eaglaxle-helicopter-461638.mp3,helicopter,0,-0.0,-0.0,4.1275,16000,1,16,0.020089,0.019963,0.96427578,False,Male,30-45,Maithili,Bihar,Darbhanga,Post Graduate,Full Time,Education and Research
S0302,S0302_snr_0dB_helicopter.wav,male_0580.wav,367220__fuseman__helicopter.wav,helicopter,0,0.0,0.0,13.7635,16000,1,16,0.086328,0.119075,0.71915474,False,Male,60+,Punjabi,Punjab,Rupnagar,Graduate,Other,Government
S0303,S0303_snr_0dB_helicopter.wav,male_0405.wav,alex_jauk-helicopters-flying-around-background-noises-447147.mp3,helicopter,0,0.0,0.0,6.28,16000,1,16,0.108452,0.063731,3.22909556,False,Male,18-30,Nepali,West Bengal,Kalimpong,Post Graduate,Part Time,Social service
S0304,S0304_snr_0dB_helicopter.wav,male_0278.wav,freesound_community-helicopter-interior-no-rotor-7086.mp3,helicopter,0,0.0,0.0,4.9016,16000,1,16,0.090642,0.10992,0.82291976,False,Male,45-60,Dogri,Jammu Kashmir,Jammu,Graduate,Full Time,Retail
S0305,S0305_snr_0dB_helicopter.wav,male_0445.wav,freesound_community-helicopter-pass-chops-distant-urban-180607-26049.mp3,helicopter,0,0.0,0.0,6.76,16000,1,16,0.08806,0.057246,1.83918328,False,Male,45-60,Kannada,Karnataka,Shimoga,Post Graduate,Other,Manufacturing
S0306,S0306_snr_0dB_helicopter.wav,male_0772.wav,freesound_community-helicopter-blades-64590.mp3,helicopter,0,0.0,0.0,6.528,16000,1,16,0.001068,0.125093,0.00867999,False,Male,45-60,Kashmiri,Jammu Kashmir,Srinagar,Doctoral (PhD) or higher level,Full Time,Education and Research
S0307,S0307_snr_0dB_helicopter.wav,male_0373.wav,232818__lezaarth__helicopter.wav,helicopter,0,-0.0,-0.0,3.6998,16000,1,16,0.028847,0.071572,0.39877549,False,Male,30-45,Maithili,Bihar,Darbhanga,Post Graduate,Full Time,Education and Research
S0308,S0308_snr_0dB_helicopter.wav,male_0723.wav,freesound_community-helicopter-74745.mp3,helicopter,0,0.0,0.0,3.7369,16000,1,16,0.121468,0.031578,5.4709112,False,Male,30-45,Hindi,Gujarat,Vadodara,Post Graduate,Full Time,Information and Media
S0309,S0309_snr_0dB_helicopter.wav,male_0401.wav,441501__lilmati__trippy-helicopter-rushing-sfx.wav,helicopter,0,0.0,0.0,4.48,16000,1,16,0.013657,0.106954,0.13040089,False,Male,30-45,Maithili,Bihar,Darbhanga,Post Graduate,Full Time,Education and Research
S0310,S0310_snr_0dB_helicopter.wav,male_0079.wav,soumages-helicopter-429328.mp3,helicopter,0,0.0,0.0,7.2998,16000,1,16,0.128556,0.193649,0.66301082,False,Male,60+,Konkani,Goa,North Goa,Graduate,Full Time,Financial Services (Banking and Insurance)
S0311,S0311_snr_0dB_helicopter.wav,male_0538.wav,gargamel10-helicopter-sound-effect-379744.mp3,helicopter,0,0.0,0.0,10.7517,16000,1,16,0.078068,0.017638,4.64925241,False,Male,45-60,Tamil,Tamil Nadu,Karur,Post Graduate,Full Time,Information and Media
S0312,S0312_snr_0dB_wind.wav,male_0576.wav,jci-21-wind-blowing-sfx-12809.mp3,wind,0,-0.0,-0.0,3.7739,16000,1,16,0.11795,0.079794,1.12174377,False,Male,18-30,Odia,Odisha,Sundergarh,Post Graduate,Full Time,Education and Research
S0313,S0313_snr_0dB_wind.wav,male_0549.wav,dragon-studio-howling-wind-and-snow-extended-515985.mp3,wind,0,0.0,0.0,4.4017,16000,1,16,0.013057,0.106005,0.28632733,False,Male,30-45,Sindhi,Rajasthan,Ajmer,Post Graduate,Part Time,Government
S0314,S0314_snr_0dB_wind.wav,male_0711.wav,dragon-studio-heavy-windstorm-429227.mp3,wind,0,0.0,0.0,7.6314,16000,1,16,0.050954,0.213285,0.28968279,False,Male,18-30,Konkani,Goa,South Goa,Post Graduate,Full Time,Technology and Services
S0315,S0315_snr_0dB_wind.wav,male_0042.wav,tanweraman-desert-wind-2-350417.mp3,wind,0,0.0,0.0,13.0003,16000,1,16,0.046187,0.044856,0.81696021,False,Male,60+,Konkani,Goa,North Goa,Graduate,Full Time,Financial Services (Banking and Insurance)
S0316,S0316_snr_0dB_wind.wav,male_0886.wav,sarthakraj_308-heavy-wind-storm-326096.mp3,wind,0,0.0,0.0,14.2086,16000,1,16,0.011213,0.241316,0.03989449,False,Male,18-30,Dogri,Jammu Kashmir,Jammu,Senior Secondary Level at School (10+2),Full Time,Technology and Services
S0317,S0317_snr_0dB_wind.wav,male_0633.wav,soundreality-wind-underground-sfx-522599.mp3,wind,0,0.0,0.0,10.987,16000,1,16,0.068224,0.228371,0.28625726,False,Male,45-60,Bodo,Assam,Udalguri,Doctoral (PhD) or higher level,Freelance,Education and Research
S0318,S0318_snr_0dB_wind.wav,male_0859.wav,soundreality-wind-atmosphere-sfx-522603.mp3,wind,0,-0.0,-0.0,13.4344,16000,1,16,0.060832,0.180686,0.32565352,False,Male,60+,Konkani,Goa,North Goa,Graduate,Full Time,Financial Services (Banking and Insurance)
S0319,S0319_snr_0dB_wind.wav,male_0140.wav,soundreality-wind-hanger-sfx-522598.mp3,wind,0,0.0,0.0,6.0452,16000,1,16,0.135649,0.152897,0.81901921,False,Male,30-45,Malayalam,Kerala,Palakkad,Post Graduate,Full Time,Technology and Services
S0320,S0320_snr_0dB_wind.wav,male_0386.wav,liecio-strong-howling-wind-132281.mp3,wind,0,0.0,0.0,9.8714,16000,1,16,0.027544,0.07223,0.37191017,False,Male,30-45,Malayalam,Kerala,Palakkad,Post Graduate,Full Time,Technology and Services
S0321,S0321_snr_0dB_wind.wav,male_0457.wav,dragon-studio-wind-blowing-sfx-04-423680.mp3,wind,0,-0.0,-0.0,3.2181,16000,1,16,0.168232,0.140174,1.00765435,False,Male,30-45,Urdu,Gujarat,Ahmedabad,Graduate,Full Time,Technology and Services
S0322,S0322_snr_0dB_wind.wav,male_0933.wav,dragon-studio-freezing-winter-wind-499654.mp3,wind,0,0.0,0.0,7.7158,16000,1,16,0.062593,0.116573,0.65737693,False,Male,18-30,Telugu,Andhra Pradesh,Prakasam,Under Graduate Student,Full Time,Technology and Services
S0323,S0323_snr_0dB_wind.wav,male_0814.wav,ElevenLabs_Wind_noise.mp3,wind,0,0.0,0.0,4.326,16000,1,16,0.142485,0.05611,2.0870076,False,Male,30-45,Marathi,Maharashtra,Raigad,Post Graduate,Full Time,Education and Research
S0324,S0324_snr_0dB_wind.wav,male_0141.wav,dragon-studio-haunting-wind-515270.mp3,wind,0,0.0,0.0,6.7526,16000,1,16,0.061385,0.072564,0.72804829,False,Male,30-45,Maithili,Bihar,Darbhanga,Post Graduate,Full Time,Education and Research
S0325,S0325_snr_0dB_wind.wav,male_0625.wav,nematoki-winter-wind-305577.mp3,wind,0,0.0,0.0,9.5331,16000,1,16,0.065578,0.049446,2.27273041,False,Male,30-45,Maithili,Bihar,Samastipur,Doctoral (PhD) or higher level,Full Time,Education and Research
S0326,S0326_snr_0dB_wind.wav,male_0321.wav,dragon-studio-winter-wind-402331.mp3,wind,0,0.0,0.0,22.4499,16000,1,16,0.098023,0.082098,1.13157588,False,Male,18-30,Bengali,West Bengal,Kolkata,Doctoral (PhD) or higher level,Full Time,Education and Research
S0327,S0327_snr_0dB_wind.wav,male_0709.wav,loswin23-strong-gusting-wind-537714.mp3,wind,0,0.0,0.0,9.8666,16000,1,16,0.140009,0.099417,1.21372626,False,Male,18-30,Nepali,West Bengal,Kalimpong,Post Graduate,Part Time,Social service
S0328,S0328_snr_0dB_wind.wav,male_0458.wav,spinopel-high-wind-281253.mp3,wind,0,0.0,0.0,6.4656,16000,1,16,0.044279,0.091502,0.50598077,False,Male,45-60,Tamil,Tamil Nadu,Karur,Post Graduate,Full Time,Information and Media
S0329,S0329_snr_0dB_wind.wav,male_0874.wav,ElevenLabs_Wind.mp3,wind,0,0.0,0.0,6.4172,16000,1,16,0.132944,0.044386,3.13157778,False,Male,30-45,Urdu,Gujarat,Ahmedabad,Graduate,Full Time,Technology and Services
S0330,S0330_snr_0dB_wind.wav,male_0327.wav,storegraphic-soft-wind-314945.mp3,wind,0,0.0,0.0,6.8011,16000,1,16,0.071771,0.001565,45.16806864,False,Male,18-30,Kannada,Karnataka,Bangalore Urban,Graduate,Part Time,Information and Media
S0331,S0331_snr_0dB_wind.wav,male_0127.wav,ElevenLabs_Cinematic_wind_whoosh.mp3,wind,0,0.0,0.0,4.8144,16000,1,16,0.097402,0.081754,1.02152743,False,Male,60+,Marathi,Maharashtra,Solapur,Graduate,Full Time,Healthcare (Medical &amp; Pharma)
S0332,S0332_snr_0dB_wind.wav,male_0133.wav,dragon-studio-loud-wind-429220.mp3,wind,0,-0.0,-0.0,7.5903,16000,1,16,0.172844,0.149665,1.46891964,False,Male,18-30,Odia,Odisha,Sundergarh,Post Graduate,Full Time,Education and Research
S0333,S0333_snr_0dB_wind.wav,male_0818.wav,soundreality-wind-caves-high-sfx-522604.mp3,wind,0,-0.0,-0.0,7.5996,16000,1,16,0.084811,0.171917,0.47596889,False,Male,45-60,Nepali,Meghalaya,Ri Bhoi,Post Graduate,Full Time,Education and Research
S0334,S0334_snr_0dB_wind.wav,male_0398.wav,magiaz-windstorm-407324.mp3,wind,0,0.0,0.0,6.7659,16000,1,16,0.048773,0.181382,0.2689568,False,Male,18-30,Konkani,Goa,South Goa,Post Graduate,Full Time,Technology and Services
S0335,S0335_snr_5dB_armored_vehicle.wav,male_0916.wav,freesound_community-hover-vehicle-rev-loop-102894.mp3,armored_vehicle,5,5.0,0.0,4.1932,16000,1,16,0.068865,0.32688,0.11974434,False,Male,60+,Marathi,Maharashtra,Solapur,Graduate,Full Time,Healthcare (Medical &amp; Pharma)
S0336,S0336_snr_5dB_armored_vehicle.wav,male_0994.wav,1914-18_ tank maneuvering over broken ground.mp3,armored_vehicle,5,5.0,0.0,6.7378,16000,1,16,0.010635,0.11034,0.06502933,False,Male,18-30,Bodo,Assam,Kokrajhar,Post Graduate,Part Time,Education and Research
S0337,S0337_snr_5dB_armored_vehicle.wav,male_0416.wav,freesound_community-tracked-vehicle-91010 (1).mp3,armored_vehicle,5,5.0,-0.0,5.2201,16000,1,16,0.157189,0.119053,0.74315359,False,Male,30-45,Urdu,Gujarat,Ahmedabad,Graduate,Full Time,Technology and Services
S0338,S0338_snr_5dB_armored_vehicle.wav,male_0596.wav,military-tank-sound-effects.mp3,armored_vehicle,5,5.0,-0.0,6.2326,16000,1,16,0.074803,0.309324,0.13637342,False,Male,30-45,Konkani,Goa,North Goa,Post Graduate,Full Time,Education and Research
S0339,S0339_snr_5dB_armored_vehicle.wav,male_0259.wav,Sherman military tank_ moving.mp3,armored_vehicle,5,5.0,-0.0,16.96,16000,1,16,0.112217,0.045602,0.96711679,False,Male,18-30,Nepali,West Bengal,Kalimpong,Post Graduate,Part Time,Social service
S0340,S0340_snr_5dB_armored_vehicle.wav,male_0314.wav,"Tank column, the movement of a group of tanks.mp3",armored_vehicle,5,5.0,0.0,6.0067,16000,1,16,0.075622,0.146627,2.51381275,False,Male,18-30,Odia,Odisha,Sundergarh,Post Graduate,Full Time,Education and Research
S0341,S0341_snr_5dB_armored_vehicle.wav,male_0410.wav,Military tank_ moving at different speeds (2).mp3,armored_vehicle,5,5.0,0.0,8.2,16000,1,16,0.067174,0.091278,0.3417916,False,Male,30-45,Maithili,Bihar,Samastipur,Doctoral (PhD) or higher level,Full Time,Education and Research
S0342,S0342_snr_5dB_armored_vehicle.wav,male_0163.wav,Military armored personnel carrier approaching and passing by.mp3,armored_vehicle,5,5.0,0.0,3.5009,16000,1,16,0.004516,0.059499,0.2048222,False,Male,30-45,Sindhi,Rajasthan,Ajmer,Post Graduate,Part Time,Government
S0343,S0343_snr_5dB_armored_vehicle.wav,male_0305.wav,kave_msri-tank-moving-sfx-319878.mp3,armored_vehicle,5,5.0,0.0,10.1552,16000,1,16,0.039478,0.339226,0.06680862,False,Male,45-60,Telugu,Telangana,Hyderabad,Doctoral (PhD) or higher level,Full Time,Education and Research
S0344,S0344_snr_5dB_armored_vehicle.wav,male_0287.wav,mixkit-tractor-driving-away-1599.wav,armored_vehicle,5,5.0,0.0,6.0522,16000,1,16,0.026237,0.128802,0.08664054,False,Male,18-30,Hindi,Maharashtra,Pune,Under Graduate Student,Freelance,Financial Services (Banking and Insurance)
S0345,S0345_snr_5dB_armored_vehicle.wav,male_0645.wav,the-sound-of-driving-inside-the-tank.mp3,armored_vehicle,5,5.0,0.0,5.2942,16000,1,16,0.024189,0.119043,0.14965223,False,Male,45-60,Bodo,Assam,Udalguri,Doctoral (PhD) or higher level,Freelance,Education and Research
S0346,S0346_snr_5dB_armored_vehicle.wav,male_0636.wav,freesound_community-chugging-diesel-bus-and-rev-23478.mp3,armored_vehicle,5,5.0,-0.0,9.12,16000,1,16,0.114905,0.141161,0.38730923,False,Male,18-30,Nepali,West Bengal,Kalimpong,Post Graduate,Part Time,Social service
S0347,S0347_snr_5dB_armored_vehicle.wav,male_0354.wav,spinopel-delivery-truck-starts-moving-456313.mp3,armored_vehicle,5,5.0,0.0,7.25,16000,1,16,0.020336,0.101154,0.11310707,False,Male,30-45,Maithili,Bihar,Darbhanga,Post Graduate,Full Time,Education and Research
S0348,S0348_snr_5dB_armored_vehicle.wav,male_0069.wav,freesound_community-general-noise-vehicle-interior-73739.mp3,armored_vehicle,5,5.0,0.0,4.0262,16000,1,16,0.178352,0.027394,3.81853839,False,Male,18-30,Gujarati,Gujarat,Sabarkantha,Post Graduate,Full Time,Information and Media
S0349,S0349_snr_5dB_armored_vehicle.wav,male_0679.wav,sound-from-inside-a-damaged-tank-while-driving.mp3,armored_vehicle,5,5.0,0.0,8.5686,16000,1,16,0.093891,0.076646,0.66898672,False,Male,30-45,Konkani,Goa,North Goa,Post Graduate,Full Time,Education and Research
S0350,S0350_snr_5dB_armored_vehicle.wav,male_0834.wav,freesound_community-driving-tank-engine-88503 (1).mp3,armored_vehicle,5,5.0,0.0,7.3785,16000,1,16,0.039107,0.131287,0.16655932,False,Male,18-30,Dogri,Jammu Kashmir,Jammu,Senior Secondary Level at School (10+2),Full Time,Technology and Services
S0351,S0351_snr_5dB_armored_vehicle.wav,male_0936.wav,started-engine-of-military-equipment.mp3,armored_vehicle,5,5.0,0.0,9.4785,16000,1,16,0.041543,0.259224,0.11250092,False,Male,30-45,Dogri,Jammu Kashmir,Jammu,Graduate,Full Time,Technology and Services
S0352,S0352_snr_5dB_armored_vehicle.wav,male_0680.wav,the-tank-passes-the-sounds-of-caterpillars.mp3,armored_vehicle,5,5.0,0.0,6.2015,16000,1,16,0.012726,0.04002,0.71768344,False,Male,30-45,Sindhi,Rajasthan,Ajmer,Post Graduate,Part Time,Government
S0353,S0353_snr_5dB_armored_vehicle.wav,male_0720.wav,chrysalyn-bus-starting-engine-and-driving-away-sound-effect-538184.mp3,armored_vehicle,5,5.0,-0.0,3.9302,16000,1,16,0.004162,0.219868,0.00974726,False,Male,45-60,Kashmiri,Jammu Kashmir,Srinagar,Doctoral (PhD) or higher level,Full Time,Education and Research
S0354,S0354_snr_5dB_armored_vehicle.wav,male_0238.wav,182793__qubodup__military-vehicle-humming.flac,armored_vehicle,5,5.0,0.0,4.7264,16000,1,16,0.109761,0.172256,0.36125161,False,Male,30-45,Hindi,Gujarat,Vadodara,Post Graduate,Full Time,Information and Media
S0355,S0355_snr_5dB_armored_vehicle.wav,male_0266.wav,magiaz-war_tank-481284.mp3,armored_vehicle,5,5.0,-0.0,3.134,16000,1,16,0.019952,0.175346,0.05879689,False,Male,18-30,Dogri,Jammu Kashmir,Jammu,Senior Secondary Level at School (10+2),Full Time,Technology and Services
S0356,S0356_snr_5dB_armored_vehicle.wav,male_0091.wav,"Tank column, the movement of a group of tanks (1).mp3",armored_vehicle,5,5.0,-0.0,9.9299,16000,1,16,0.069633,0.146627,0.32124747,False,Male,30-45,Maithili,Bihar,Samastipur,Doctoral (PhD) or higher level,Full Time,Education and Research
S0357,S0357_snr_5dB_armored_vehicle.wav,male_0836.wav,Movement of tank with creaking of caterpillars.mp3,armored_vehicle,5,5.0,0.0,8.1401,16000,1,16,0.049534,0.086091,0.35217786,False,Male,45-60,Tamil,Tamil Nadu,Karur,Post Graduate,Full Time,Information and Media
S0358,S0358_snr_5dB_armored_vehicle.wav,male_0863.wav,freesound_community-military-vehicle-humming-33760 (1).mp3,armored_vehicle,5,5.0,0.0,4.4862,16000,1,16,0.052852,0.155391,0.19136971,False,Male,45-60,Tamil,Tamil Nadu,Karur,Post Graduate,Full Time,Information and Media
S0359,S0359_snr_5dB_artillery.wav,male_0055.wav,freesound_community-incoming-mortar-1-104653.mp3,artillery,5,5.0,0.0,4.9204,16000,1,16,0.017114,0.328777,0.02856799,False,Male,30-45,Maithili,Bihar,Darbhanga,Post Graduate,Full Time,Education and Research
S0360,S0360_snr_5dB_artillery.wav,male_0658.wav,freesound_community-071722_heavy_pulse_cannon_firewav-82064.mp3,artillery,5,5.0,0.0,7.6595,16000,1,16,0.001222,0.051135,0.0130969,False,Male,45-60,Kashmiri,Jammu Kashmir,Srinagar,Doctoral (PhD) or higher level,Full Time,Education and Research
S0361,S0361_snr_5dB_artillery.wav,male_0944.wav,freesound_community-explosion-46566.mp3,artillery,5,5.0,-0.0,3.0411,16000,1,16,0.143857,0.019355,5.16407167,False,Male,18-30,Bengali,West Bengal,Kolkata,Doctoral (PhD) or higher level,Full Time,Education and Research
S0362,S0362_snr_5dB_artillery.wav,male_0407.wav,magiaz-tank_gunfire-496050.mp3,artillery,5,5.0,0.0,4.3511,16000,1,16,0.033933,0.081607,0.21725849,False,Male,18-30,Assamese,Assam,Lakhimpur,Post Graduate,Full Time,Technology and Services
S0363,S0363_snr_5dB_artillery.wav,male_0381.wav,49053354-luger-pistol-313224.mp3,artillery,5,5.0,-0.0,8.4,16000,1,16,0.07267,0.124216,0.31928724,False,Male,30-45,Maithili,Bihar,Samastipur,Doctoral (PhD) or higher level,Full Time,Education and Research
S0364,S0364_snr_5dB_artillery.wav,male_0125.wav,cartoon_music-cannon-blast-with-reverb-517340.mp3,artillery,5,5.0,0.0,3.8802,16000,1,16,0.040701,0.116544,1.85413935,False,Male,18-30,Hindi,Maharashtra,Pune,Under Graduate Student,Freelance,Financial Services (Banking and Insurance)
S0365,S0365_snr_5dB_artillery.wav,male_0492.wav,freesound_community-cannon-shot-14799.mp3,artillery,5,5.0,-0.0,5.0884,16000,1,16,0.175636,0.333108,0.29860502,False,Male,18-30,Gujarati,Gujarat,Sabarkantha,Post Graduate,Full Time,Information and Media
S0366,S0366_snr_5dB_artillery.wav,male_0803.wav,yodguard-heavy-gun-or-cannon-3-402771.mp3,artillery,5,5.0,-0.0,7.96,16000,1,16,0.134962,0.110133,0.69457932,False,Male,18-30,Nepali,West Bengal,Kalimpong,Post Graduate,Part Time,Social service
S0367,S0367_snr_5dB_artillery.wav,male_0901.wav,freesound_community-real-explosions-real-gunshots-6939.mp3,artillery,5,5.0,0.0,4.7614,16000,1,16,0.108887,0.085675,3.0062424,False,Male,30-45,Malayalam,Kerala,Palakkad,Post Graduate,Full Time,Technology and Services
S0368,S0368_snr_5dB_artillery.wav,male_0431.wav,freesound_community-cannon-explosion-39434.mp3,artillery,5,5.0,0.0,7.1066,16000,1,16,0.094207,0.317123,0.16930806,False,Male,18-30,Odia,Odisha,Sundergarh,Post Graduate,Full Time,Education and Research
S0369,S0369_snr_5dB_artillery.wav,male_0946.wav,freesound_community-antiair-85147.mp3,artillery,5,5.0,0.0,28.6931,16000,1,16,0.030687,0.27745,0.0638647,False,Male,30-45,Maithili,Bihar,Sitamarhi,Graduate,Part Time,Education and Research
S0370,S0370_snr_5dB_artillery.wav,male_0704.wav,dennish18-autocannon-20mm-143113.mp3,artillery,5,5.0,-0.0,7.7993,16000,1,16,0.040239,0.060209,0.38984781,False,Male,60+,Assamese,Assam,Biswanath,Post Graduate,Other,Education and Research
S0371,S0371_snr_5dB_artillery.wav,male_0295.wav,universfield-powerful-cannon-shot-02-487887.mp3,artillery,5,5.0,-0.0,6.2536,16000,1,16,0.023464,0.206613,0.0629982,False,Male,18-30,Dogri,Jammu Kashmir,Jammu,Senior Secondary Level at School (10+2),Full Time,Technology and Services
S0372,S0372_snr_5dB_artillery.wav,male_0879.wav,freesound_community-8-bit-cannon-fire-96505.mp3,artillery,5,5.0,0.0,3.6133,16000,1,16,0.079513,0.190864,0.23325017,False,Male,30-45,Urdu,Gujarat,Ahmedabad,Graduate,Full Time,Technology and Services
S0373,S0373_snr_5dB_artillery.wav,male_0213.wav,singularitysmarauder-powerful-cannon-254542 (1).mp3,artillery,5,5.0,0.0,3.3559,16000,1,16,0.05399,0.233127,0.13999697,False,Male,18-30,Konkani,Goa,South Goa,Post Graduate,Full Time,Technology and Services
S0374,S0374_snr_5dB_artillery.wav,male_0919.wav,lordsonny-cannon-fire-161072.mp3,artillery,5,5.0,0.0,4.6871,16000,1,16,0.016129,0.153139,0.0952462,False,Male,18-30,Kannada,Karnataka,Bangalore Urban,Graduate,Part Time,Information and Media
S0375,S0375_snr_5dB_artillery.wav,male_0038.wav,vishiv-futuristic-bloom-laser-gun-effects-435016 (1).mp3,artillery,5,5.0,0.0,4.5136,16000,1,16,0.017809,0.130688,0.04859417,False,Male,30-45,Malayalam,Kerala,Palakkad,Post Graduate,Full Time,Technology and Services
S0376,S0376_snr_5dB_artillery.wav,male_0861.wav,mountaindweller-distant-explosions-deep-in-the-mountains-222408 (1).mp3,artillery,5,5.0,-0.0,3.8904,16000,1,16,0.000814,0.057473,0.0091298,False,Male,45-60,Kashmiri,Jammu Kashmir,Srinagar,Doctoral (PhD) or higher level,Full Time,Education and Research
S0377,S0377_snr_5dB_artillery.wav,male_0899.wav,freesound_community-incoming-mortar-2-86032.mp3,artillery,5,5.0,0.0,6.6589,16000,1,16,0.025999,0.38248,0.03759555,False,Male,30-45,Maithili,Bihar,Sitamarhi,Graduate,Part Time,Education and Research
S0378,S0378_snr_5dB_artillery.wav,male_0126.wav,vishiv-futuristic-bloom-laser-gun-effects-435016.mp3,artillery,5,5.0,-0.0,8.36,16000,1,16,0.147516,0.130688,3.42626424,False,Male,18-30,Nepali,West Bengal,Kalimpong,Post Graduate,Part Time,Social service
S0379,S0379_snr_5dB_artillery.wav,male_0024.wav,freesound_community-boom-1-82741.mp3,artillery,5,5.0,0.0,6.2549,16000,1,16,0.128065,0.064207,1.14179108,False,Male,30-45,Gujarati,Gujarat,Sabarkantha,Post Graduate,Part Time,Education and Research
S0380,S0380_snr_5dB_artillery.wav,male_0840.wav,cartoon_music-artillery-shot-heavy-513489.mp3,artillery,5,5.0,0.0,5.2592,16000,1,16,0.076966,0.062584,0.5861975,False,Male,18-30,Assamese,Assam,Kamrup Metropolitan,Post Graduate,Full Time,Education and Research
S0381,S0381_snr_5dB_artillery.wav,male_0977.wav,optimizerai-sci-fi-railgun-charging-and-firing-gauge-electric-short-discharge-204409.mp3,artillery,5,5.0,-0.0,3.0998,16000,1,16,0.03587,0.279699,0.07191928,False,Male,45-60,Bodo,Assam,Udalguri,Doctoral (PhD) or higher level,Freelance,Education and Research
S0382,S0382_snr_5dB_artillery.wav,male_0102.wav,freesound_community-oil-barrel-explosion-84926.mp3,artillery,5,5.0,0.0,5.1242,16000,1,16,0.090263,0.132092,0.3182778,False,Male,30-45,Marathi,Maharashtra,Raigad,Post Graduate,Full Time,Education and Research
S0383,S0383_snr_5dB_drone.wav,male_0116.wav,ominous-deep-bassy-stable-ez4urx65.wav,drone,5,5.0,-0.0,7.0278,16000,1,16,0.082201,0.233301,0.17372057,False,Male,60+,Marathi,Maharashtra,Solapur,Graduate,Full Time,Healthcare (Medical &amp; Pharma)
S0384,S0384_snr_5dB_drone.wav,male_0436.wav,cinematic-riser-very-low--jnjtfc2w.wav,drone,5,5.0,0.0,9.1332,16000,1,16,0.095932,0.105813,0.42758102,False,Male,30-45,Assamese,Assam,Nagaon,Post Graduate,Full Time,Education and Research
S0385,S0385_snr_5dB_drone.wav,male_0951.wav,eerie-ambient-soundscape--5fs7muuy.wav,drone,5,5.0,0.0,7.1039,16000,1,16,0.065121,0.123831,0.30798976,False,Male,45-60,Gujarati,Gujarat,Amreli,Post Graduate,Part Time,Education and Research
S0386,S0386_snr_5dB_drone.wav,male_0121.wav,subterranean-drone-at-40--yfgfvi3r.wav,drone,5,5.0,0.0,6.3295,16000,1,16,0.113086,0.093917,0.68327878,False,Male,30-45,Malayalam,Kerala,Palakkad,Post Graduate,Full Time,Technology and Services
S0387,S0387_snr_5dB_drone.wav,male_0385.wav,low-drone--silence-bvqgbvmp.wav,drone,5,5.0,0.0,5.5755,16000,1,16,0.11186,0.237862,0.25615535,False,Male,60+,Maithili,Bihar,Madhubani,Doctoral (PhD) or higher level,Freelance,Government
S0388,S0388_snr_5dB_drone.wav,male_0048.wav,dark-ambient-industrial-d-fy6trtqw.wav,drone,5,5.0,-0.0,11.9501,16000,1,16,0.093323,0.163077,0.31790217,False,Male,30-45,Urdu,Gujarat,Ahmedabad,Graduate,Full Time,Technology and Services
S0389,S0389_snr_5dB_drone.wav,male_0172.wav,tense-drone-tidddrpi.wav,drone,5,5.0,0.0,7.3952,16000,1,16,0.037662,0.180684,0.11918903,False,Male,18-30,Kannada,Karnataka,Bangalore Urban,Graduate,Part Time,Information and Media
S0390,S0390_snr_5dB_drone.wav,male_0318.wav,warm-ambient-drone-with-s-n64x2asg.wav,drone,5,5.0,-0.0,7.6201,16000,1,16,0.129034,0.112682,0.70820567,False,Male,30-45,Gujarati,Gujarat,Sabarkantha,Post Graduate,Part Time,Education and Research
S0391,S0391_snr_5dB_drone.wav,male_0325.wav,soundreality-deep-drone-588746.mp3,drone,5,5.0,-0.0,10.9804,16000,1,16,0.015572,0.16432,0.04745699,False,Male,30-45,Malayalam,Kerala,Palakkad,Post Graduate,Full Time,Technology and Services
S0392,S0392_snr_5dB_drone.wav,male_0881.wav,dark-drone-2svswdzl.wav,drone,5,5.0,-0.0,8.5984,16000,1,16,0.123052,0.222712,0.30982009,False,Male,18-30,Assamese,Assam,Kamrup Metropolitan,Post Graduate,Full Time,Education and Research
S0393,S0393_snr_5dB_drone.wav,male_0264.wav,slow-rising-suspense-dron-ezy3z3j2.wav,drone,5,5.0,0.0,14.5098,16000,1,16,0.070878,0.135435,0.28609502,False,Male,45-60,Nepali,Meghalaya,Ri Bhoi,Post Graduate,Full Time,Education and Research
S0394,S0394_snr_5dB_drone.wav,male_0146.wav,hollow-ambience--suspense-wbh5u7hy.wav,drone,5,5.0,0.0,10.0044,16000,1,16,0.118149,0.084988,0.84129838,False,Male,18-30,Nepali,West Bengal,Kalimpong,Post Graduate,Part Time,Social service
S0395,S0395_snr_5dB_drone.wav,male_0044.wav,a-deep-oppressive-constan-lpfd4db2.wav,drone,5,5.0,0.0,7.9524,16000,1,16,0.071726,0.191421,0.19952296,False,Male,18-30,Malayalam,Kerala,Malappuram,Graduate,Full Time,Technology and Services
S0396,S0396_snr_5dB_drone.wav,male_0505.wav,freesound_community-tension-drones-51031.mp3,drone,5,5.0,-0.0,3.9354,16000,1,16,0.116641,0.077874,1.82165844,False,Male,60+,Punjabi,Punjab,Rupnagar,Graduate,Other,Government
S0397,S0397_snr_5dB_drone.wav,male_0087.wav,low-ominous-drone--subtle-pu2jo3wg.wav,drone,5,5.0,-0.0,5.9824,16000,1,16,0.138044,0.128763,0.60199488,False,Male,30-45,Malayalam,Kerala,Palakkad,Post Graduate,Full Time,Technology and Services
S0398,S0398_snr_5dB_drone.wav,male_0377.wav,male-drone-voice-resonati-uqwwvs32.wav,drone,5,5.0,0.0,4.4409,16000,1,16,0.027388,0.164822,0.24714354,False,Male,18-30,Hindi,Maharashtra,Pune,Under Graduate Student,Freelance,Financial Services (Banking and Insurance)
S0399,S0399_snr_5dB_drone.wav,male_0531.wav,start-with-low-harmonic-d-a4n4d3kq.wav,drone,5,5.0,-0.0,13.386,16000,1,16,0.089904,0.192947,0.25412196,False,Male,18-30,Nepali,West Bengal,Kalimpong,Post Graduate,Part Time,Social service
S0400,S0400_snr_5dB_drone.wav,male_0985.wav,soundreality-atlantic-drone-589644.mp3,drone,5,5.0,0.0,4.8502,16000,1,16,0.045746,0.171413,0.1360486,False,Male,30-45,Bodo,Assam,Kokrajhar,Post Graduate,Other,Education and Research
S0401,S0401_snr_5dB_drone.wav,male_0852.wav,se_ugbj5pt7jaxog4hn.wav,drone,5,5.0,-0.0,6.32,16000,1,16,0.079581,0.331457,0.1343383,False,Male,18-30,Nepali,West Bengal,Kalimpong,Post Graduate,Part Time,Social service
S0402,S0402_snr_5dB_drone.wav,male_0346.wav,compressed-drones-with-me-xjinfvea.wav,drone,5,5.0,0.0,4.92,16000,1,16,0.029702,0.292424,0.05322776,False,Male,18-30,Assamese,Assam,Lakhimpur,Post Graduate,Full Time,Technology and Services
S0403,S0403_snr_5dB_drone.wav,male_0404.wav,low-eerie-ambiance-the-so-7qysuc23.wav,drone,5,5.0,-0.0,8.1401,16000,1,16,0.084655,0.204482,0.22396006,False,Male,18-30,Odia,Odisha,Sundergarh,Post Graduate,Full Time,Education and Research
S0404,S0404_snr_5dB_drone.wav,male_0227.wav,low-corridor-reverb--tens-dg52kzfn.wav,drone,5,5.0,-0.0,5.3902,16000,1,16,0.120046,0.185183,0.34552245,False,Male,60+,Maithili,Bihar,Madhubani,Doctoral (PhD) or higher level,Freelance,Government
S0405,S0405_snr_5dB_drone.wav,male_0988.wav,freesound_community-industrial-pulse-drone-27456.mp3,drone,5,5.0,0.0,6.2828,16000,1,16,0.099768,0.154795,0.33611238,False,Male,18-30,Nepali,West Bengal,Kalimpong,Post Graduate,Part Time,Social service
S0406,S0406_snr_5dB_drone.wav,male_0165.wav,squishy-wet-textures-dist-mej4wzdv.wav,drone,5,5.0,0.0,12.3474,16000,1,16,0.067586,0.146375,0.25962468,False,Male,60+,Kannada,Telangana,Hyderabad,Post Graduate,Full Time,Technology and Services
S0407,S0407_snr_5dB_siren.wav,male_0336.wav,ribhavagrawal-alarm-siren-sound-effect-type-03-294204.mp3,siren,5,5.0,0.0,6.2667,16000,1,16,0.127064,0.187665,0.37767791,False,Male,30-45,Urdu,Gujarat,Ahmedabad,Graduate,Full Time,Technology and Services
S0408,S0408_snr_5dB_siren.wav,male_0601.wav,freesound_community-siren-is-low-24105.mp3,siren,5,5.0,0.0,9.0753,16000,1,16,0.201642,0.108617,0.86526295,False,Male,18-30,Odia,Odisha,Sundergarh,Post Graduate,Full Time,Education and Research
S0409,S0409_snr_5dB_siren.wav,male_0917.wav,nuclear-siren-emergency-alarm-ra-music-1-00-11.mp3,siren,5,5.0,0.0,8.52,16000,1,16,0.125229,0.269834,0.23277313,False,Male,18-30,Nepali,West Bengal,Kalimpong,Post Graduate,Part Time,Social service
S0410,S0410_snr_5dB_siren.wav,male_0473.wav,jeremayjimenez-minas-gerais-brazil-eas-alarm-456936.mp3,siren,5,5.0,0.0,3.2519,16000,1,16,0.009875,0.388151,0.0142675,False,Male,18-30,Bodo,Assam,Kokrajhar,Post Graduate,Part Time,Education and Research
S0411,S0411_snr_5dB_siren.wav,male_0448.wav,air-raid-siren.mp3,siren,5,5.0,-0.0,5.9204,16000,1,16,0.068068,0.155886,0.16787077,False,Male,18-30,Malayalam,Kerala,Malappuram,Graduate,Full Time,Technology and Services
S0412,S0412_snr_5dB_siren.wav,male_0108.wav,biscuit1960-siren-passing-275127.mp3,siren,5,5.0,0.0,3.5245,16000,1,16,0.096156,0.100529,0.66003374,False,Male,18-30,Odia,Odisha,Sundergarh,Post Graduate,Full Time,Education and Research
S0413,S0413_snr_5dB_siren.wav,male_0857.wav,soundreality-civil-defense-siren-128262.mp3,siren,5,5.0,0.0,4.2319,16000,1,16,0.097437,0.24594,0.19568045,False,Male,30-45,Bodo,Assam,Kokrajhar,Post Graduate,Other,Education and Research
S0414,S0414_snr_5dB_siren.wav,male_0156.wav,freesound_community-red-alert_nuclear_buzzer-99741.mp3,siren,5,5.0,0.0,6.0001,16000,1,16,0.143404,0.168825,0.4670203,False,Male,30-45,Urdu,Gujarat,Ahmedabad,Graduate,Full Time,Technology and Services
S0415,S0415_snr_5dB_siren.wav,male_0459.wav,air-raid-siren-wailing-urgent-gfx-sounds-war-air-raid-siren-2-1-0m17s.mp3,siren,5,5.0,0.0,3.0333,16000,1,16,0.11189,0.141003,0.43838089,False,Male,18-30,Odia,Odisha,Sundergarh,Post Graduate,Full Time,Education and Research
S0416,S0416_snr_5dB_siren.wav,male_0281.wav,freesound_community-siren_low-78303.mp3,siren,5,5.0,0.0,4.9642,16000,1,16,0.014728,0.08522,0.06543263,False,Male,45-60,Odia,Odisha,Puri,Doctoral (PhD) or higher level,Full Time,Education and Research
S0417,S0417_snr_5dB_siren.wav,male_0208.wav,sudden-loud-roar-of-a-h2g7rvgx.wav,siren,5,5.0,0.0,5.22,16000,1,16,0.059483,0.230879,0.13240457,False,Male,18-30,Konkani,Goa,South Goa,Post Graduate,Full Time,Technology and Services
S0418,S0418_snr_5dB_siren.wav,male_0155.wav,liecio-evacuation-alarm-189740.mp3,siren,5,5.0,0.0,4.3011,16000,1,16,0.006383,0.046021,0.06481536,False,Male,30-45,Sindhi,Rajasthan,Ajmer,Post Graduate,Part Time,Government
S0419,S0419_snr_5dB_siren.wav,male_0588.wav,Air raid (military siren).mp3,siren,5,5.0,0.0,13.4946,16000,1,16,0.08393,0.117633,0.33263618,False,Male,30-45,Urdu,Gujarat,Ahmedabad,Graduate,Full Time,Technology and Services
S0420,S0420_snr_5dB_siren.wav,male_0758.wav,freesound_community-060025_military-alarm-amp-noiseflac-88641.mp3,siren,5,5.0,-0.0,4.0694,16000,1,16,0.01415,0.203224,0.04056481,False,Male,30-45,Maithili,Bihar,Darbhanga,Post Graduate,Full Time,Education and Research
S0421,S0421_snr_5dB_siren.wav,male_0986.wav,freesound_community-alarm-1-with-reverberation-30031.mp3,siren,5,5.0,0.0,9.2924,16000,1,16,0.107983,0.26212,0.23197797,False,Male,30-45,Gujarati,Gujarat,Sabarkantha,Post Graduate,Part Time,Education and Research
S0422,S0422_snr_5dB_siren.wav,male_0384.wav,jeremayjimenez-ses-1000-air-raid-334949.mp3,siren,5,5.0,-0.0,5.5762,16000,1,16,0.04392,0.196388,0.10337856,False,Male,30-45,Kannada,Karnataka,Bangalore Urban,Post Graduate,Full Time,Education and Research
S0423,S0423_snr_5dB_siren.wav,male_0802.wav,scottishperson-sound-effect-ww2-uk-air-raid-siren-164346.mp3,siren,5,5.0,0.0,10.5677,16000,1,16,0.075213,0.032446,1.02810284,False,Male,45-60,Telugu,Telangana,Hyderabad,Doctoral (PhD) or higher level,Full Time,Education and Research
S0424,S0424_snr_5dB_siren.wav,male_0649.wav,"ElevenLabs_Continuous_danger_siren,_relentless_and_foreboding.mp3",siren,5,5.0,0.0,7.1466,16000,1,16,0.074904,0.049175,0.8641861,False,Male,30-45,Maithili,Bihar,Samastipur,Doctoral (PhD) or higher level,Full Time,Education and Research
S0425,S0425_snr_5dB_siren.wav,male_0807.wav,vintage-military-alarm-fx.wav,siren,5,5.0,0.0,10.76,16000,1,16,0.11738,0.121756,0.53207696,False,Male,18-30,Nepali,West Bengal,Kalimpong,Post Graduate,Part Time,Social service
S0426,S0426_snr_5dB_siren.wav,male_0537.wav,poorartistt-emergency-alarmsiren-type-01-no-copyright-410303.mp3,siren,5,5.0,0.0,7.3227,16000,1,16,0.041199,0.28749,0.07816022,False,Male,30-45,Kannada,Karnataka,Bangalore Urban,Post Graduate,Full Time,Education and Research
S0427,S0427_snr_5dB_siren.wav,male_0504.wav,mixkit-alert-alarm-1005.wav,siren,5,5.0,0.0,5.6347,16000,1,16,0.00673,0.227398,0.01663691,False,Male,30-45,Sindhi,Rajasthan,Ajmer,Post Graduate,Part Time,Government
S0428,S0428_snr_5dB_siren.wav,male_0738.wav,emergency-siren-long-mechanical-wave-1-1-00-29.mp3,siren,5,5.0,-0.0,3.5426,16000,1,16,0.099441,0.02864,81.05058286,False,Male,45-60,Kannada,Karnataka,Shimoga,Post Graduate,Other,Manufacturing
S0429,S0429_snr_5dB_siren.wav,male_0560.wav,death_star_alarm.mp3,siren,5,5.0,0.0,6.22,16000,1,16,0.090415,0.178704,0.28283454,False,Male,18-30,Nepali,West Bengal,Kalimpong,Post Graduate,Part Time,Social service
S0430,S0430_snr_5dB_siren.wav,male_0545.wav,dragon-studio-nuclear-alarm-386177.mp3,siren,5,5.0,-0.0,18.8292,16000,1,16,0.107096,0.058954,1.00945458,False,Male,60+,Punjabi,Punjab,Rupnagar,Graduate,Other,Government
S0431,S0431_snr_5dB_gunshot.wav,male_0357.wav,drone-sound-throttle-up-a-k6hv4g3a.wav,gunshot,5,5.0,0.0,6.94,16000,1,16,0.081855,0.27524,0.15424388,False,Male,18-30,Nepali,West Bengal,Kalimpong,Post Graduate,Part Time,Social service
S0432,S0432_snr_5dB_gunshot.wav,male_0207.wav,chilling-morning-lonely-r-lhp2ea4r.wav,gunshot,5,5.0,-0.0,5.1132,16000,1,16,0.068324,0.156244,0.25894685,False,Male,45-60,Tamil,Tamil Nadu,Karur,Post Graduate,Full Time,Information and Media
S0433,S0433_snr_5dB_gunshot.wav,male_0889.wav,Loud_shotgun_blast_w_#3-1789002014809.mp3,gunshot,5,5.0,-0.0,10.5314,16000,1,16,0.114854,0.24261,0.27293657,False,Male,18-30,Nepali,West Bengal,Kalimpong,Post Graduate,Part Time,Social service
S0434,S0434_snr_5dB_gunshot.wav,male_0612.wav,68.wav,gunshot,5,5.0,0.0,9.36,16000,1,16,0.080205,0.065023,0.71337711,False,Male,18-30,Nepali,West Bengal,Kalimpong,Post Graduate,Part Time,Social service
S0435,S0435_snr_5dB_gunshot.wav,male_0712.wav,10.mp3,gunshot,5,5.0,0.0,5.04,16000,1,16,0.09845,0.165068,0.33208485,False,Male,18-30,Odia,Odisha,Sundergarh,Post Graduate,Full Time,Education and Research
S0436,S0436_snr_5dB_gunshot.wav,male_0532.wav,21.mp3,gunshot,5,5.0,-0.0,6.7445,16000,1,16,0.078444,0.060209,0.78646627,False,Male,45-60,Telugu,Telangana,Hyderabad,Doctoral (PhD) or higher level,Full Time,Education and Research
S0437,S0437_snr_5dB_gunshot.wav,male_0260.wav,69.wav,gunshot,5,5.0,0.0,10.92,16000,1,16,0.091299,0.015997,3.29531868,False,Male,18-30,Nepali,West Bengal,Kalimpong,Post Graduate,Part Time,Social service
S0438,S0438_snr_5dB_gunshot.wav,male_0154.wav,40.mp3,gunshot,5,5.0,-0.0,12.7933,16000,1,16,0.122017,0.072735,1.00891593,False,Male,45-60,Dogri,Jammu Kashmir,Jammu,Graduate,Full Time,Retail
S0439,S0439_snr_5dB_gunshot.wav,male_0853.wav,66.wav,gunshot,5,5.0,0.0,4.8685,16000,1,16,0.008346,0.042977,0.11718486,False,Male,30-45,Sindhi,Rajasthan,Ajmer,Post Graduate,Part Time,Government
S0440,S0440_snr_5dB_gunshot.wav,male_0064.wav,72.mp3,gunshot,5,5.0,-0.0,4.6255,16000,1,16,0.059355,0.135063,0.17100249,False,Male,30-45,Bodo,Assam,Kokrajhar,Post Graduate,Other,Education and Research
S0441,S0441_snr_5dB_gunshot.wav,male_0435.wav,43.mp3,gunshot,5,5.0,-0.0,6.02,16000,1,16,0.078829,0.040132,1.15738393,False,Male,18-30,Nepali,West Bengal,Kalimpong,Post Graduate,Part Time,Social service
S0442,S0442_snr_5dB_gunshot.wav,male_0340.wav,9.mp3,gunshot,5,5.0,0.0,3.9504,16000,1,16,0.062598,0.039195,0.83292922,False,Male,30-45,Bodo,Assam,Kokrajhar,Post Graduate,Other,Education and Research
S0443,S0443_snr_5dB_gunshot.wav,male_0514.wav,54.mp3,gunshot,5,5.0,0.0,4.7352,16000,1,16,0.009551,0.304139,0.01625035,False,Male,30-45,Sindhi,Rajasthan,Ajmer,Post Graduate,Part Time,Government
S0444,S0444_snr_5dB_gunshot.wav,male_0749.wav,54.mp3,gunshot,5,5.0,0.0,3.1818,16000,1,16,0.187332,0.304139,0.46571934,False,Male,30-45,Urdu,Gujarat,Ahmedabad,Graduate,Full Time,Technology and Services
S0445,S0445_snr_5dB_gunshot.wav,male_0488.wav,35.mp3,gunshot,5,5.0,0.0,7.4143,16000,1,16,0.060342,0.02749,1.23223511,False,Male,18-30,Nepali,West Bengal,Kalimpong,Post Graduate,Part Time,Social service
S0446,S0446_snr_5dB_gunshot.wav,male_0525.wav,22.mp3,gunshot,5,5.0,0.0,7.1248,16000,1,16,0.028319,0.134623,0.1154544,False,Male,60+,Bengali,West Bengal,South 24 Parganas,Post Graduate,Other,Financial Services (Banking and Insurance)
S0447,S0447_snr_5dB_gunshot.wav,male_0894.wav,start-and-fly-by-drone-if5isdry.wav,gunshot,5,5.0,-0.0,8.8003,16000,1,16,0.083905,0.156672,0.27074961,False,Male,60+,Konkani,Goa,North Goa,Graduate,Full Time,Financial Services (Banking and Insurance)
S0448,S0448_snr_5dB_gunshot.wav,male_0953.wav,81.mp3,gunshot,5,5.0,0.0,24.1871,16000,1,16,0.123584,0.080711,0.83889777,False,Male,45-60,Kannada,Karnataka,Shimoga,Post Graduate,Other,Manufacturing
S0449,S0449_snr_5dB_gunshot.wav,male_0187.wav,58.mp3,gunshot,5,5.0,0.0,10.8994,16000,1,16,0.141221,0.139235,0.44252645,False,Male,60+,Maithili,Bihar,Madhubani,Doctoral (PhD) or higher level,Freelance,Government
S0450,S0450_snr_5dB_gunshot.wav,male_0674.wav,65.wav,gunshot,5,5.0,-0.0,3.28,16000,1,16,0.114259,0.079416,0.85364883,False,Male,18-30,Odia,Odisha,Sundergarh,Post Graduate,Full Time,Education and Research
S0451,S0451_snr_5dB_gunshot.wav,male_0344.wav,deep-cinematic-sub-bass-d-llbqjfsm.wav,gunshot,5,5.0,0.0,9.5668,16000,1,16,0.024546,0.284088,0.0480358,False,Male,30-45,Dogri,Jammu Kashmir,Jammu,Graduate,Full Time,Technology and Services
S0452,S0452_snr_5dB_gunshot.wav,male_0378.wav,77.mp3,gunshot,5,5.0,0.0,7.8367,16000,1,16,0.100962,0.126538,0.44150904,False,Male,18-30,Odia,Odisha,Sundergarh,Post Graduate,Full Time,Education and Research
S0453,S0453_snr_5dB_gunshot.wav,male_0904.wav,82.mp3,gunshot,5,5.0,0.0,3.9497,16000,1,16,0.069051,0.231098,0.13535441,False,Male,60+,Konkani,Goa,North Goa,Graduate,Full Time,Financial Services (Banking and Insurance)
S0454,S0454_snr_5dB_gunshot.wav,male_0369.wav,53.mp3,gunshot,5,inf,0,5.8937,16000,1,16,0.10068,0.031899,0.0,False,Male,30-45,Kashmiri,Jammu Kashmir,Anantnag,Doctoral (PhD) or higher level,Full Time,Education and Research
S0455,S0455_snr_5dB_helicopter.wav,male_0569.wav,freesound_community-la-distant-news-helicopter-01-52519.mp3,helicopter,5,5.0,-0.0,20.6584,16000,1,16,0.078947,0.096037,0.48244377,False,Male,30-45,Urdu,Gujarat,Ahmedabad,Graduate,Full Time,Technology and Services
S0456,S0456_snr_5dB_helicopter.wav,male_0276.wav,361663__cell31_sound_productions__military-aircraft-flyovers_multiple-craft.wav,helicopter,5,5.0,0.0,10.1199,16000,1,16,0.020478,0.095931,0.52419721,False,Male,30-45,Malayalam,Kerala,Palakkad,Post Graduate,Full Time,Technology and Services
S0457,S0457_snr_5dB_helicopter.wav,male_0691.wav,"ElevenLabs_A_helicopter_flying_over_a_city,_loud_rotor_blades_chopping_the_air,_engine_whine,_faint_urban_backg.mp3",helicopter,5,5.0,0.0,4.9012,16000,1,16,0.007744,0.131147,0.03302135,False,Male,30-45,Sindhi,Rajasthan,Ajmer,Post Graduate,Part Time,Government
S0458,S0458_snr_5dB_helicopter.wav,male_0267.wav,lolo_s-helicopter-474076.mp3,helicopter,5,5.0,-0.0,5.9773,16000,1,16,0.062387,0.069777,0.50037661,False,Male,30-45,Bengali,West Bengal,Kolkata,Graduate,Freelance,Entertainment
S0459,S0459_snr_5dB_helicopter.wav,male_0783.wav,thefealdoproject-helicopter-flying-over-245480.mp3,helicopter,5,5.0,0.0,12.7266,16000,1,16,0.066084,0.183686,0.22169772,False,Male,45-60,Gujarati,Gujarat,Amreli,Post Graduate,Part Time,Education and Research
S0460,S0460_snr_5dB_helicopter.wav,male_0938.wav,magiaz-helicopter-2-331267.mp3,helicopter,5,5.0,-0.0,4.84,16000,1,16,0.10899,0.048978,1.24457214,False,Male,18-30,Urdu,Bihar,Gaya,Graduate,Full Time,Technology and Services
S0461,S0461_snr_5dB_helicopter.wav,male_0534.wav,343685__elementrs2__helicopter-1.wav,helicopter,5,5.0,-0.0,16.8266,16000,1,16,0.084614,0.03244,1.35884987,False,Male,30-45,Urdu,Gujarat,Ahmedabad,Graduate,Full Time,Technology and Services
S0462,S0462_snr_5dB_helicopter.wav,male_0023.wav,253643__towers4223__helicoper.wav,helicopter,5,5.0,0.0,5.7017,16000,1,16,0.136876,0.052102,1.49848984,False,Male,45-60,Nepali,Meghalaya,Ri Bhoi,Post Graduate,Full Time,Education and Research
S0463,S0463_snr_5dB_helicopter.wav,male_0543.wav,freesound_community-flying-military-jets-27631.mp3,helicopter,5,5.0,0.0,5.7162,16000,1,16,0.018137,0.168283,0.03211852,False,Male,60+,Bengali,West Bengal,South 24 Parganas,Post Graduate,Other,Financial Services (Banking and Insurance)
S0464,S0464_snr_5dB_helicopter.wav,male_0098.wav,freesound_community-helicopter-overhead-pass-pretty-good-77mel-190404-24206.mp3,helicopter,5,5.0,0.0,3.56,16000,1,16,0.100286,0.058448,0.41938465,False,Male,30-45,Kashmiri,Jammu Kashmir,Anantnag,Doctoral (PhD) or higher level,Full Time,Education and Research
S0465,S0465_snr_5dB_helicopter.wav,male_0296.wav,514916__joseignaciotriay__helicopter-blackhawk-medium-pass-bye.wav,helicopter,5,5.0,0.0,6.0167,16000,1,16,0.083484,0.014232,2.06018144,False,Male,60+,Marathi,Maharashtra,Solapur,Graduate,Full Time,Healthcare (Medical &amp; Pharma)
S0466,S0466_snr_5dB_helicopter.wav,male_0461.wav,dragon-studio-helicopter-sound-1-372462.mp3,helicopter,5,5.0,-0.0,5.0975,16000,1,16,0.132874,0.437543,0.1714696,False,Male,45-60,Nepali,Meghalaya,Ri Bhoi,Post Graduate,Full Time,Education and Research
S0467,S0467_snr_5dB_helicopter.wav,male_0198.wav,721621__sduggysounds__helicopter-fly-by-in-the-woods (1).wav,helicopter,5,5.0,0.0,9.6376,16000,1,16,0.092683,0.004208,10.61594046,False,Male,45-60,Nepali,Meghalaya,Ri Bhoi,Post Graduate,Full Time,Education and Research
S0468,S0468_snr_5dB_helicopter.wav,male_0708.wav,freesound_community-helicopter-mouth-69093.mp3,helicopter,5,5.0,0.0,3.4897,16000,1,16,0.029957,0.037599,0.77940829,False,Male,18-30,Dogri,Jammu Kashmir,Jammu,Senior Secondary Level at School (10+2),Full Time,Technology and Services
S0469,S0469_snr_5dB_helicopter.wav,male_0262.wav,aatreya_v-fan-sound-extreme-close-up-helicopter-sound-286921.mp3,helicopter,5,5.0,0.0,4.5476,16000,1,16,0.016545,0.091564,0.0921132,False,Male,30-45,Maithili,Bihar,Darbhanga,Post Graduate,Full Time,Education and Research
S0470,S0470_snr_5dB_helicopter.wav,male_0311.wav,magiaz-helicopter-3-331272.mp3,helicopter,5,5.0,0.0,9.5593,16000,1,16,0.046583,0.049158,0.53151659,False,Male,18-30,Assamese,Assam,Lakhimpur,Post Graduate,Full Time,Technology and Services
S0471,S0471_snr_5dB_helicopter.wav,male_0980.wav,freesound_community-helicopter-flying-in-downtown-27332.mp3,helicopter,5,5.0,-0.0,6.4229,16000,1,16,0.021718,0.038778,0.29361919,False,Male,30-45,Maithili,Bihar,Darbhanga,Post Graduate,Full Time,Education and Research
S0472,S0472_snr_5dB_helicopter.wav,male_0161.wav,u_xg7ssi08yr-helicopter-355444.mp3,helicopter,5,5.0,0.0,9.2266,16000,1,16,0.019047,0.117332,0.06226732,False,Male,18-30,Dogri,Jammu Kashmir,Jammu,Senior Secondary Level at School (10+2),Full Time,Technology and Services
S0473,S0473_snr_5dB_helicopter.wav,male_0403.wav,freesound_community-019770_military-helicoptersw2wav-53828.mp3,helicopter,5,5.0,0.0,8.6732,16000,1,16,0.021026,0.051583,0.63947672,False,Male,18-30,Dogri,Jammu Kashmir,Jammu,Senior Secondary Level at School (10+2),Full Time,Technology and Services
S0474,S0474_snr_5dB_helicopter.wav,male_0540.wav,koiroylers-helicopter-overhead-351968.mp3,helicopter,5,5.0,0.0,4.8594,16000,1,16,0.075902,0.195781,0.19594411,False,Male,45-60,Malayalam,Kerala,Pathanamthitta,Graduate,Full Time,Government
S0475,S0475_snr_5dB_helicopter.wav,male_0177.wav,ElevenLabs_Police_helicopter_hovering_over_the_city_center_Police_communications_heard_over_comms_with_no_clea.mp3,helicopter,5,5.0,0.0,4.2651,16000,1,16,0.163125,0.065422,2.06349968,False,Male,18-30,Odia,Odisha,Sundergarh,Post Graduate,Full Time,Education and Research
S0476,S0476_snr_5dB_helicopter.wav,male_0727.wav,223478__copyc4t__luckylittlehelicopter.flac,helicopter,5,5.0,-0.0,4.4203,16000,1,16,0.113009,0.778973,0.07845085,False,Male,30-45,Malayalam,Kerala,Palakkad,Post Graduate,Full Time,Technology and Services
S0477,S0477_snr_5dB_helicopter.wav,male_0794.wav,187678__qubodup__helicopter-loop.flac,helicopter,5,5.0,-0.0,3.1371,16000,1,16,0.050851,0.31558,0.08924261,False,Male,18-30,Assamese,Assam,Lakhimpur,Post Graduate,Full Time,Technology and Services
S0478,S0478_snr_5dB_helicopter.wav,male_0819.wav,514918__joseignaciotriay__helicopter-blackhawk-hover-and-away.wav,helicopter,5,5.0,-0.0,6.7437,16000,1,16,0.072075,0.03819,0.8325974,False,Male,18-30,Kannada,Karnataka,Bangalore Urban,Graduate,Part Time,Information and Media
S0479,S0479_snr_5dB_wind.wav,male_0779.wav,tanweraman-tent-flapping-in-wind-350429.mp3,wind,5,5.0,0.0,5.2266,16000,1,16,0.030147,0.033273,0.42494139,False,Male,30-45,Maithili,Bihar,Darbhanga,Post Graduate,Full Time,Education and Research
S0480,S0480_snr_5dB_wind.wav,male_0757.wav,hope-sounds-wind(chosic.com).mp3,wind,5,5.0,-0.0,3.8307,16000,1,16,0.019025,0.034261,0.27912891,False,Male,18-30,Kannada,Karnataka,Bangalore Urban,Graduate,Part Time,Information and Media
S0481,S0481_snr_5dB_wind.wav,male_0298.wav,spinopel-small-wind-272153.mp3,wind,5,5.0,-0.0,3.8004,16000,1,16,0.083832,0.049207,1.34977686,False,Male,60+,Marathi,Maharashtra,Solapur,Graduate,Full Time,Healthcare (Medical &amp; Pharma)
S0482,S0482_snr_5dB_wind.wav,male_0092.wav,soundreality-wind-tone-room-sfx-522611.mp3,wind,5,5.0,-0.0,3.0013,16000,1,16,0.022775,0.204836,0.06057131,False,Male,18-30,Kannada,Karnataka,Bangalore Urban,Graduate,Part Time,Information and Media
S0483,S0483_snr_5dB_wind.wav,male_0930.wav,dragon-studio-gentle-wind-gusts-447502.mp3,wind,5,5.0,-0.0,6.6323,16000,1,16,0.139231,0.100979,0.72366546,False,Male,30-45,Gujarati,Gujarat,Sabarkantha,Post Graduate,Part Time,Education and Research
S0484,S0484_snr_5dB_wind.wav,male_0450.wav,tanweraman-desert-wind-1-350398.mp3,wind,5,5.0,0.0,9.84,16000,1,16,0.107904,0.037229,1.37067787,False,Male,18-30,Nepali,West Bengal,Kalimpong,Post Graduate,Part Time,Social service
S0485,S0485_snr_5dB_wind.wav,male_0646.wav,dragon-studio-eerie-wind-478386.mp3,wind,5,5.0,-0.0,7.4994,16000,1,16,0.026712,0.12023,0.15385191,False,Male,30-45,Kannada,Karnataka,Bangalore Urban,Post Graduate,Full Time,Education and Research
S0486,S0486_snr_5dB_wind.wav,male_0015.wav,freesound_community-wind-on-microphone-22410.mp3,wind,5,5.0,0.0,3.9426,16000,1,16,0.180052,0.029612,3.48387057,False,Male,18-30,Gujarati,Gujarat,Sabarkantha,Post Graduate,Full Time,Information and Media
S0487,S0487_snr_5dB_wind.wav,male_0481.wav,freesound_community-synth-wind-25628.mp3,wind,5,5.0,0.0,20.2,16000,1,16,0.087249,0.06485,0.73390467,False,Male,18-30,Nepali,West Bengal,Kalimpong,Post Graduate,Part Time,Social service
S0488,S0488_snr_5dB_wind.wav,male_0997.wav,soundreality-darkness-wind-594962.mp3,wind,5,5.0,0.0,4.9039,16000,1,16,0.107991,0.170023,0.31382374,False,Male,30-45,Bengali,West Bengal,Kolkata,Graduate,Freelance,Entertainment
S0489,S0489_snr_5dB_wind.wav,male_0869.wav,dragon-studio-spooky-wind-429221.mp3,wind,5,5.0,-0.0,3.9878,16000,1,16,0.14493,0.099487,0.7874894,False,Male,30-45,Kashmiri,Jammu Kashmir,Anantnag,Doctoral (PhD) or higher level,Full Time,Education and Research
S0490,S0490_snr_5dB_wind.wav,male_0432.wav,ronkoster2023-heavy-rain-amp-wind-1021-min-rk-177371.mp3,wind,5,5.0,-0.0,9.36,16000,1,16,0.11997,0.03229,2.15072589,False,Male,18-30,Nepali,West Bengal,Kalimpong,Post Graduate,Part Time,Social service
S0491,S0491_snr_5dB_wind.wav,male_0696.wav,dragon-studio-scary-wind-429222.mp3,wind,5,5.0,0.0,10.5761,16000,1,16,0.002111,0.225927,0.00585658,False,Male,45-60,Kashmiri,Jammu Kashmir,Srinagar,Doctoral (PhD) or higher level,Full Time,Education and Research
S0492,S0492_snr_5dB_wind.wav,male_0503.wav,wind-breeze-02.mp3,wind,5,5.0,0.0,3.0014,16000,1,16,0.110325,0.117747,0.49818609,False,Male,30-45,Konkani,Goa,North Goa,Post Graduate,Full Time,Education and Research
S0493,S0493_snr_5dB_wind.wav,male_0261.wav,dragon-studio-gust-of-wind-511325.mp3,wind,5,5.0,0.0,21.18,16000,1,16,0.110316,0.134837,0.46010906,False,Male,30-45,Gujarati,Gujarat,Sabarkantha,Post Graduate,Part Time,Education and Research
S0494,S0494_snr_5dB_wind.wav,male_0329.wav,dragon-studio-wind-blowing-sfx-01-423673.mp3,wind,5,5.0,0.0,3.3241,16000,1,16,0.042064,0.123635,0.21615932,False,Male,30-45,Kannada,Karnataka,Bangalore Urban,Post Graduate,Full Time,Education and Research
S0495,S0495_snr_5dB_wind.wav,male_0180.wav,ElevenLabs_Gentle_wind.mp3,wind,5,5.0,0.0,6.3664,16000,1,16,0.071799,0.027773,1.24076147,False,Male,45-60,Kannada,Karnataka,Shimoga,Post Graduate,Other,Manufacturing
S0496,S0496_snr_5dB_wind.wav,male_0565.wav,soundreality-wind-dry-low-sfx-521893.mp3,wind,5,5.0,-0.0,10.2379,16000,1,16,0.100589,0.247661,0.22012616,False,Male,18-30,Konkani,Goa,South Goa,Post Graduate,Full Time,Technology and Services
S0497,S0497_snr_5dB_wind.wav,male_0396.wav,shut_up_ghost-smooth-cold-wind-looped-135538.mp3,wind,5,5.0,-0.0,4.8019,16000,1,16,0.008796,0.026074,0.20370695,False,Male,30-45,Sindhi,Rajasthan,Ajmer,Post Graduate,Part Time,Government
S0498,S0498_snr_5dB_wind.wav,male_0496.wav,edr-wind-noise-001-8332.mp3,wind,5,5.0,0.0,4.0504,16000,1,16,0.068151,0.040997,0.53945363,False,Male,30-45,Bodo,Assam,Kokrajhar,Post Graduate,Other,Education and Research
S0499,S0499_snr_5dB_wind.wav,male_0036.wav,dragon-studio-halloween-creepy-wind-gust-511327.mp3,wind,5,5.0,0.0,7.3226,16000,1,16,0.111053,0.171231,0.32987841,False,Male,30-45,Malayalam,Kerala,Palakkad,Post Graduate,Full Time,Technology and Services
S0500,S0500_snr_5dB_wind.wav,male_0443.wav,dragon-studio-blizzard-wind-463217.mp3,wind,5,5.0,0.0,4.4675,16000,1,16,0.119694,0.122467,0.4073818,False,Male,30-45,Kashmiri,Jammu Kashmir,Anantnag,Doctoral (PhD) or higher level,Full Time,Education and Research
S0501,S0501_snr_5dB_wind.wav,male_0928.wav,Wind(chosic.com).mp3,wind,5,5.0,0.0,8.0001,16000,1,16,0.144855,0.062919,1.32241861,False,Male,30-45,Urdu,Gujarat,Ahmedabad,Graduate,Full Time,Technology and Services
S0502,S0502_snr_10dB_armored_vehicle.wav,male_0660.wav,freesound_community-2019-09-ww-ii-army-trucks-mixdown-waalre-52297.mp3,armored_vehicle,10,10.0,0.0,3.36,16000,1,16,0.150555,0.066907,1.82665386,False,Male,60+,Maithili,Bihar,Madhubani,Doctoral (PhD) or higher level,Freelance,Government
S0503,S0503_snr_10dB_armored_vehicle.wav,male_0637.wav,the-sound-of-pouring-liquid-from-a-tank-truck.mp3,armored_vehicle,10,10.0,0.0,5.1201,16000,1,16,0.151454,0.353508,0.13563277,False,Male,30-45,Urdu,Gujarat,Ahmedabad,Graduate,Full Time,Technology and Services
S0504,S0504_snr_10dB_armored_vehicle.wav,male_0099.wav,magiaz-guerra-434777.mp3,armored_vehicle,10,10.0,0.0,3.3538,16000,1,16,0.14946,0.043261,0.93167204,False,Male,18-30,Nepali,West Bengal,Kalimpong,Post Graduate,Part Time,Social service
S0505,S0505_snr_10dB_armored_vehicle.wav,male_0338.wav,lesiakower-diesel-engine-idle-bus-engine-idling-408780.mp3,armored_vehicle,10,10.0,0.0,5.3666,16000,1,16,0.001456,0.168971,0.0026811,False,Male,45-60,Kashmiri,Jammu Kashmir,Srinagar,Doctoral (PhD) or higher level,Full Time,Education and Research
S0506,S0506_snr_10dB_armored_vehicle.wav,male_0013.wav,"1914-18_ tank starts, drives off and roars at speed.mp3",armored_vehicle,10,10.0,0.0,8.6088,16000,1,16,0.133513,0.082511,0.83539184,False,Male,18-30,Gujarati,Gujarat,Sabarkantha,Post Graduate,Full Time,Information and Media
S0507,S0507_snr_10dB_armored_vehicle.wav,male_0685.wav,mixkit-very-old-war-tank-2756.wav,armored_vehicle,10,10.0,0.0,3.6943,16000,1,16,0.03235,0.08289,0.12431078,False,Male,30-45,Maithili,Bihar,Darbhanga,Post Graduate,Full Time,Education and Research
S0508,S0508_snr_10dB_armored_vehicle.wav,male_0117.wav,tracked-tank-rides-metal-grinding.mp3,armored_vehicle,10,10.0,0.0,4.0096,16000,1,16,0.074928,0.083532,0.40827061,False,Male,45-60,Malayalam,Kerala,Pathanamthitta,Graduate,Full Time,Government
S0509,S0509_snr_10dB_armored_vehicle.wav,male_0447.wav,Tank in motion_ creaking and grinding of caterpillars.mp3,armored_vehicle,10,10.0,-0.0,4.2651,16000,1,16,0.138716,0.109602,0.36070163,False,Male,45-60,Kannada,Karnataka,Shimoga,Post Graduate,Other,Manufacturing
S0510,S0510_snr_10dB_armored_vehicle.wav,male_0408.wav,magiaz-war_tank-481278.mp3,armored_vehicle,10,10.0,-0.0,3.9486,16000,1,16,0.137013,0.186773,0.20776083,False,Male,30-45,Kashmiri,Jammu Kashmir,Anantnag,Doctoral (PhD) or higher level,Full Time,Education and Research
S0511,S0511_snr_10dB_armored_vehicle.wav,male_0816.wav,freesound_community-tracked-vehicle-91010.mp3,armored_vehicle,10,10.0,-0.0,13.24,16000,1,16,0.127979,0.119053,0.33946601,False,Male,18-30,Nepali,West Bengal,Kalimpong,Post Graduate,Part Time,Social service
S0512,S0512_snr_10dB_armored_vehicle.wav,male_0313.wav,mixkit-tank-engine-working-2753.wav,armored_vehicle,10,10.0,-0.0,5.3,16000,1,16,0.120847,0.048874,0.76848266,False,Male,30-45,Gujarati,Gujarat,Sabarkantha,Post Graduate,Part Time,Education and Research
S0513,S0513_snr_10dB_armored_vehicle.wav,male_0359.wav,Military armored personnel carrier approaching and passing by (2).mp3,armored_vehicle,10,10.0,0.0,5.5026,16000,1,16,0.017091,0.041701,0.11053942,False,Male,30-45,Maithili,Bihar,Darbhanga,Post Graduate,Full Time,Education and Research
S0514,S0514_snr_10dB_armored_vehicle.wav,male_0472.wav,articbay-vehicle-idle-start-190010.mp3,armored_vehicle,10,10.0,0.0,3.2401,16000,1,16,0.025803,0.044715,0.1749847,False,Male,30-45,Malayalam,Kerala,Palakkad,Post Graduate,Full Time,Technology and Services
S0515,S0515_snr_10dB_armored_vehicle.wav,male_0205.wav,1914-18_ inside the tank.mp3,armored_vehicle,10,10.0,0.0,7.8527,16000,1,16,0.021735,0.170514,0.03867514,False,Male,30-45,Maithili,Bihar,Darbhanga,Post Graduate,Full Time,Education and Research
S0516,S0516_snr_10dB_armored_vehicle.wav,male_0228.wav,the-sound-of-a-tanker-truck-being-pumped-out.mp3,armored_vehicle,10,10.0,0.0,4.8528,16000,1,16,0.025755,0.296614,0.02454473,False,Male,18-30,Hindi,Maharashtra,Pune,Under Graduate Student,Freelance,Financial Services (Banking and Insurance)
S0517,S0517_snr_10dB_armored_vehicle.wav,male_0482.wav,mixkit-truck-accelerating-1617.wav,armored_vehicle,10,10.0,0.0,3.8622,16000,1,16,0.122863,0.146757,0.25971425,False,Male,30-45,Hindi,Gujarat,Vadodara,Post Graduate,Full Time,Information and Media
S0518,S0518_snr_10dB_armored_vehicle.wav,male_0040.wav,freesound_community-tank_ride_stereo-18744.mp3,armored_vehicle,10,10.0,-0.0,6.8066,16000,1,16,0.071798,0.109152,0.20579447,False,Male,60+,Konkani,Goa,North Goa,Graduate,Full Time,Financial Services (Banking and Insurance)
S0519,S0519_snr_10dB_armored_vehicle.wav,male_0392.wav,freesound_community-armored-anti-riot-water-cannon-truck-in-action-17110.mp3,armored_vehicle,10,10.0,0.0,7.466,16000,1,16,0.096482,0.026814,6.79865304,False,Male,30-45,Bengali,West Bengal,Kolkata,Graduate,Freelance,Entertainment
S0520,S0520_snr_10dB_armored_vehicle.wav,male_0111.wav,spinopel-truck-start-moving-290808.mp3,armored_vehicle,10,10.0,0.0,29.8711,16000,1,16,0.02524,0.094185,0.08522941,False,Male,18-30,Kashmiri,Jammu Kashmir,Srinagar,Post Graduate,Other,Education and Research
S0521,S0521_snr_10dB_armored_vehicle.wav,male_0833.wav,mixkit-truck-start-engine-1623.wav,armored_vehicle,10,10.0,0.0,6.3609,16000,1,16,0.094811,0.046432,0.6425562,False,Male,60+,Punjabi,Punjab,Rupnagar,Graduate,Other,Government
S0522,S0522_snr_10dB_armored_vehicle.wav,male_0813.wav,dennish18-tank-moving-143104.mp3,armored_vehicle,10,10.0,-0.0,3.2656,16000,1,16,0.02608,0.350444,0.02396123,False,Male,30-45,Maithili,Bihar,Darbhanga,Post Graduate,Full Time,Education and Research
S0523,S0523_snr_10dB_armored_vehicle.wav,male_0963.wav,"Military armored personnel carrier, starts and drives away.mp3",armored_vehicle,10,10.0,0.0,6.3607,16000,1,16,0.059506,0.108115,0.24109452,False,Male,18-30,Telugu,Andhra Pradesh,Prakasam,Under Graduate Student,Full Time,Technology and Services
S0524,S0524_snr_10dB_armored_vehicle.wav,male_0422.wav,freesound_community-driving-tank-engine-88503.mp3,armored_vehicle,10,10.0,0.0,3.1046,16000,1,16,0.006261,0.131287,0.01494117,False,Male,30-45,Sindhi,Rajasthan,Ajmer,Post Graduate,Part Time,Government
S0525,S0525_snr_10dB_armored_vehicle.wav,male_0341.wav,moving-a-tank-truck.mp3,armored_vehicle,10,10.0,-0.0,4.2579,16000,1,16,0.0037,0.194718,0.00595444,False,Male,45-60,Kashmiri,Jammu Kashmir,Srinagar,Doctoral (PhD) or higher level,Full Time,Education and Research
S0526,S0526_snr_10dB_artillery.wav,male_0184.wav,freesound_community-tribute-cannon-104430.mp3,artillery,10,10.0,0.0,4.7849,16000,1,16,0.195016,0.05706,0.90704581,False,Male,18-30,Odia,Odisha,Sundergarh,Post Graduate,Full Time,Education and Research
S0527,S0527_snr_10dB_artillery.wav,male_0998.wav,49053354-launching-missile-313226.mp3,artillery,10,10.0,-0.0,4.7939,16000,1,16,0.189802,0.137296,0.43573421,False,Male,18-30,Nepali,West Bengal,Kalimpong,Post Graduate,Part Time,Social service
S0528,S0528_snr_10dB_artillery.wav,male_0423.wav,freesound_community-scificannon-36209.mp3,artillery,10,10.0,0.0,5.7752,16000,1,16,0.050279,0.098399,0.15706634,False,Male,60+,Odia,Odisha,Sundergarh,Graduate,Freelance,Education and Research
S0529,S0529_snr_10dB_artillery.wav,male_0182.wav,singularitysmarauder-powerful-cannon-254542.mp3,artillery,10,10.0,0.0,6.9581,16000,1,16,0.138856,0.233127,0.17826615,False,Male,18-30,Bengali,West Bengal,Kolkata,Doctoral (PhD) or higher level,Full Time,Education and Research
S0530,S0530_snr_10dB_artillery.wav,male_0905.wav,freesound_community-071180_laser-gun-cannon-shotmp3-88117.mp3,artillery,10,10.0,0.0,3.6749,16000,1,16,0.114238,0.102155,0.68731316,False,Male,30-45,Kashmiri,Jammu Kashmir,Anantnag,Doctoral (PhD) or higher level,Full Time,Education and Research
S0531,S0531_snr_10dB_artillery.wav,male_0862.wav,snoops_audio-08-weaponry-ultra-heavy-cannon-a-343786.mp3,artillery,10,10.0,0.0,4.9623,16000,1,16,0.105464,0.33446,0.10304327,False,Male,18-30,Urdu,Bihar,Gaya,Graduate,Full Time,Technology and Services
S0532,S0532_snr_10dB_artillery.wav,male_0650.wav,freesound_community-cannon-shot-6153.mp3,artillery,10,10.0,0.0,3.7202,16000,1,16,0.162154,0.071963,0.54919416,False,Male,60+,Konkani,Goa,North Goa,Graduate,Full Time,Financial Services (Banking and Insurance)
S0533,S0533_snr_10dB_artillery.wav,male_0746.wav,freesound_community-explosion-6055.mp3,artillery,10,10.0,-0.0,15.5522,16000,1,16,0.064195,0.150909,0.13589173,False,Male,60+,Konkani,Goa,North Goa,Graduate,Full Time,Financial Services (Banking and Insurance)
S0534,S0534_snr_10dB_artillery.wav,male_0701.wav,soundtaker-heavy-shot-sound-477215 (1).mp3,artillery,10,10.0,-0.0,19.3347,16000,1,16,0.065115,0.162408,0.14294957,False,Male,45-60,Bodo,Assam,Udalguri,Doctoral (PhD) or higher level,Freelance,Education and Research
S0535,S0535_snr_10dB_artillery.wav,male_0106.wav,freesound_community-new-year-celebration-2019-distant-fireworks-18893.mp3,artillery,10,10.0,-0.0,13.2667,16000,1,16,0.118218,0.016348,1.5025122,False,Male,30-45,Urdu,Gujarat,Ahmedabad,Graduate,Full Time,Technology and Services
S0536,S0536_snr_10dB_artillery.wav,male_0920.wav,alban_gogh-quot-sound-of-war-quot-sound-effect-460937.mp3,artillery,10,10.0,-0.0,15.8904,16000,1,16,0.046731,0.13536,0.10194276,False,Male,30-45,Dogri,Jammu Kashmir,Jammu,Graduate,Full Time,Technology and Services
S0537,S0537_snr_10dB_artillery.wav,male_0652.wav,freesound_community-zis-3-3-guns-and-firework-in-honor-of-victory-day-2019-moscow-26576.mp3,artillery,10,10.0,0.0,6.16,16000,1,16,0.039635,0.082404,0.45055174,False,Male,45-60,Kannada,Karnataka,Shimoga,Post Graduate,Other,Manufacturing
S0538,S0538_snr_10dB_artillery.wav,male_0367.wav,freesound_community-laser-cannon-02-33201 (2).mp3,artillery,10,10.0,-0.0,15.3628,16000,1,16,0.086725,0.065798,0.41126298,False,Male,45-60,Telugu,Telangana,Hyderabad,Doctoral (PhD) or higher level,Full Time,Education and Research
S0539,S0539_snr_10dB_artillery.wav,male_0620.wav,magiaz-war_tank-481278.mp3,artillery,10,10.0,0.0,5.061,16000,1,16,0.064892,0.186773,0.10982379,False,Male,18-30,Telugu,Andhra Pradesh,Prakasam,Under Graduate Student,Full Time,Technology and Services
S0540,S0540_snr_10dB_artillery.wav,male_0906.wav,freesound_community-explode-80294.mp3,artillery,10,10.0,-0.0,3.7954,16000,1,16,0.083893,0.140782,0.18122178,False,Male,18-30,Malayalam,Kerala,Malappuram,Graduate,Full Time,Technology and Services
S0541,S0541_snr_10dB_artillery.wav,male_0316.wav,freesound_community-ramazan-topu-33430.mp3,artillery,10,10.0,0.0,6.8786,16000,1,16,0.063264,0.056778,0.62622963,False,Male,18-30,Assamese,Assam,Kamrup Metropolitan,Post Graduate,Full Time,Education and Research
S0542,S0542_snr_10dB_artillery.wav,male_0043.wav,mountaindweller-distant-explosions-deep-in-the-mountains-222408.mp3,artillery,10,10.0,-0.0,3.149,16000,1,16,0.095886,0.057473,0.6288258,False,Male,18-30,Odia,Odisha,Sundergarh,Post Graduate,Full Time,Education and Research
S0543,S0543_snr_10dB_artillery.wav,male_0131.wav,voicebosch-the-moses-laser-cannon-182841.mp3,artillery,10,10.0,0.0,9.0183,16000,1,16,0.100256,0.065955,0.33409685,False,Male,60+,Punjabi,Punjab,Rupnagar,Graduate,Other,Government
S0544,S0544_snr_10dB_artillery.wav,male_0441.wav,snoops_audio-08-weaponry-ultra-heavy-cannon-b-343781.mp3,artillery,10,10.0,0.0,4.881,16000,1,16,0.059856,0.286642,0.06674911,False,Male,60+,Assamese,Assam,Biswanath,Post Graduate,Other,Education and Research
S0545,S0545_snr_10dB_artillery.wav,male_0152.wav,freesound_community-artillery-shots-33757.mp3,artillery,10,10.0,-0.0,9.1314,16000,1,16,0.023551,0.09197,0.07099676,False,Male,18-30,Hindi,Maharashtra,Pune,Under Graduate Student,Freelance,Financial Services (Banking and Insurance)
S0546,S0546_snr_10dB_artillery.wav,male_0589.wav,freesound_community-043059_ss39s-pulse-cannon-audio-63212.mp3,artillery,10,10.0,0.0,4.4095,16000,1,16,0.071321,0.236295,0.06225859,False,Male,45-60,Malayalam,Kerala,Pathanamthitta,Graduate,Full Time,Government
S0547,S0547_snr_10dB_artillery.wav,male_0037.wav,magiazzz-cannon_shot-560886.mp3,artillery,10,10.0,0.0,5.2752,16000,1,16,0.028051,0.23491,0.03863258,False,Male,30-45,Kannada,Karnataka,Bangalore Urban,Post Graduate,Full Time,Education and Research
S0548,S0548_snr_10dB_artillery.wav,male_0153.wav,freesound_community-explosion-91872.mp3,artillery,10,10.0,0.0,8.5765,16000,1,16,0.039556,0.261409,0.04669255,False,Male,18-30,Kashmiri,Jammu Kashmir,Srinagar,Post Graduate,Other,Education and Research
S0549,S0549_snr_10dB_artillery.wav,male_0677.wav,freesound_community-feuerwerk-05-29584.mp3,artillery,10,10.0,0.0,8.8629,16000,1,16,0.102409,0.0823,0.39589458,False,Male,18-30,Nepali,West Bengal,Kalimpong,Post Graduate,Part Time,Social service
S0550,S0550_snr_10dB_drone.wav,male_0961.wav,cold-drone-with-whisper-l-mgzp27b6.wav,drone,10,10.0,0.0,6.2423,16000,1,16,0.111716,0.16482,0.21183011,False,Male,30-45,Gujarati,Gujarat,Sabarkantha,Post Graduate,Part Time,Education and Research
S0551,S0551_snr_10dB_drone.wav,male_0602.wav,som-de-drone-ligando-othompie.wav,drone,10,10.0,0.0,7.8527,16000,1,16,0.059946,0.228499,0.07624828,False,Male,30-45,Tamil,Karnataka,Bangalore Rural,Doctoral (PhD) or higher level,Full Time,Education and Research
S0552,S0552_snr_10dB_drone.wav,male_0438.wav,woosh-drone-sound-gbzwb7ra.wav,drone,10,10.0,0.0,12.9711,16000,1,16,0.094098,0.186737,0.13929122,False,Male,45-60,Nepali,Meghalaya,Ri Bhoi,Post Graduate,Full Time,Education and Research
S0553,S0553_snr_10dB_drone.wav,male_0453.wav,deep-atmospheric-dronedis-34zywgub.wav,drone,10,10.0,0.0,3.3666,16000,1,16,0.019778,0.129012,0.16331165,False,Male,30-45,Maithili,Bihar,Darbhanga,Post Graduate,Full Time,Education and Research
S0554,S0554_snr_10dB_drone.wav,male_0786.wav,-truth-abyssdeep-void-dro-jndvgznz.wav,drone,10,10.0,0.0,3.9746,16000,1,16,0.22018,0.091965,3.35836698,False,Male,30-45,Urdu,Gujarat,Ahmedabad,Graduate,Full Time,Technology and Services
S0555,S0555_snr_10dB_drone.wav,male_0269.wav,unsettling-drones-breathi-3ixnipwo.wav,drone,10,10.0,0.0,6.9911,16000,1,16,0.186213,0.085297,0.69578631,False,Male,30-45,Punjabi,Punjab,Mansa,Post Graduate,Full Time,Government
S0556,S0556_snr_10dB_drone.wav,male_0134.wav,red-glowing-ambience--dro-7f3kxdli.wav,drone,10,10.0,0.0,27.0051,16000,1,16,0.047823,0.130229,0.11305466,False,Male,18-30,Kashmiri,Jammu Kashmir,Srinagar,Post Graduate,Other,Education and Research
S0557,S0557_snr_10dB_drone.wav,male_0342.wav,se_udkfz2yx52la5zfe.wav,drone,10,10.0,-0.0,5.2561,16000,1,16,0.198507,0.110372,0.53838937,False,Male,30-45,Urdu,Gujarat,Ahmedabad,Graduate,Full Time,Technology and Services
S0558,S0558_snr_10dB_drone.wav,male_0804.wav,low-ominous-drone-with-su-pl6g5svb.wav,drone,10,10.0,0.0,17.4026,16000,1,16,0.053749,0.116721,0.11376149,False,Male,18-30,Konkani,Goa,South Goa,Post Graduate,Full Time,Technology and Services
S0559,S0559_snr_10dB_drone.wav,male_0046.wav,create-a-60-second-loopab-azbm6hho.wav,drone,10,10.0,-0.0,7.2456,16000,1,16,0.139698,0.168922,0.22666302,False,Male,18-30,Gujarati,Gujarat,Sabarkantha,Post Graduate,Full Time,Information and Media
S0560,S0560_snr_10dB_drone.wav,male_0284.wav,low-anticipatory-drone-guybix22.wav,drone,10,10.0,0.0,5.9299,16000,1,16,0.01918,0.282382,0.02142393,False,Male,30-45,Maithili,Bihar,Darbhanga,Post Graduate,Full Time,Education and Research
S0561,S0561_snr_10dB_drone.wav,male_0653.wav,se_onr2u2dgr6v27nl5.wav,drone,10,10.0,0.0,5.0474,16000,1,16,0.0643,0.091286,0.28953902,False,Male,45-60,Telugu,Telangana,Hyderabad,Doctoral (PhD) or higher level,Full Time,Education and Research
S0562,S0562_snr_10dB_drone.wav,male_0949.wav,narrowband-tension-hum--n-mq3yt5aj.wav,drone,10,10.0,0.0,9.0668,16000,1,16,0.079935,0.279754,0.09015682,False,Male,18-30,Odia,Odisha,Sundergarh,Post Graduate,Full Time,Education and Research
S0563,S0563_snr_10dB_drone.wav,male_0053.wav,dark-horror-swell-drone-c-5ll57qgu.wav,drone,10,10.0,0.0,3.5497,16000,1,16,0.078841,0.131894,0.16281522,False,Male,45-60,Tamil,Tamil Nadu,Karur,Post Graduate,Full Time,Information and Media
S0564,S0564_snr_10dB_drone.wav,male_0822.wav,big-drone-sound-cbn4mq3j.wav,drone,10,10.0,0.0,8.4454,16000,1,16,0.048322,0.319066,0.0478283,False,Male,30-45,Maithili,Bihar,Samastipur,Doctoral (PhD) or higher level,Full Time,Education and Research
S0565,S0565_snr_10dB_drone.wav,male_0780.wav,minimal-ambient-drone-exp-ijn5h2nd.wav,drone,10,10.0,0.0,7.8039,16000,1,16,0.022082,0.153174,0.0429749,False,Male,30-45,Maithili,Bihar,Darbhanga,Post Graduate,Full Time,Education and Research
S0566,S0566_snr_10dB_drone.wav,male_0978.wav,deep-low-frequency-ambien-6gkqqlim.wav,drone,10,10.0,0.0,3.5847,16000,1,16,0.113562,0.230502,0.12982216,False,Male,18-30,Assamese,Assam,Kamrup Metropolitan,Post Graduate,Full Time,Education and Research
S0567,S0567_snr_10dB_drone.wav,male_0600.wav,se_va2i4quyjxkl6gam.wav,drone,10,10.0,-0.0,7.3659,16000,1,16,0.032664,0.143683,0.08503956,False,Male,45-60,Bodo,Assam,Udalguri,Doctoral (PhD) or higher level,Freelance,Education and Research
S0568,S0568_snr_10dB_drone.wav,male_0209.wav,se_zn3y5l2wuw5z5xh7.wav,drone,10,10.0,0.0,3.7874,16000,1,16,0.050306,0.050568,4.5745136,False,Male,18-30,Assamese,Assam,Lakhimpur,Post Graduate,Full Time,Technology and Services
S0569,S0569_snr_10dB_drone.wav,male_0352.wav,tanpura-sound-layered-wit-lyvssbrr.wav,drone,10,10.0,0.0,7.1497,16000,1,16,0.143617,0.111023,0.35031709,False,Male,30-45,Gujarati,Gujarat,Sabarkantha,Post Graduate,Part Time,Education and Research
S0570,S0570_snr_10dB_drone.wav,male_0216.wav,very-deep-ship-foghorn-mi-dyrqwp53.wav,drone,10,10.0,-0.0,8.8991,16000,1,16,0.043258,0.184367,0.0751373,False,Male,18-30,Konkani,Goa,South Goa,Post Graduate,Full Time,Technology and Services
S0571,S0571_snr_10dB_drone.wav,male_0289.wav,som-do-drone-dji-mini-kjelidno.wav,drone,10,10.0,0.0,5.0358,16000,1,16,0.069241,0.092452,0.17471891,False,Male,45-60,Telugu,Telangana,Hyderabad,Doctoral (PhD) or higher level,Full Time,Education and Research
S0572,S0572_snr_10dB_drone.wav,male_0279.wav,low-suspense-drone-emotio-pkyf3uae.wav,drone,10,10.0,0.0,3.5551,16000,1,16,0.168209,0.236375,0.21079038,False,Male,30-45,Kannada,Karnataka,Shimoga,Post Graduate,Full Time,Education and Research
S0573,S0573_snr_10dB_drone.wav,male_0954.wav,"Low,_sustained_elect_#3-1789002853304.mp3",drone,10,10.0,0.0,9.48,16000,1,16,0.120833,0.093207,0.41067614,False,Male,18-30,Nepali,West Bengal,Kalimpong,Post Graduate,Part Time,Social service
S0574,S0574_snr_10dB_siren.wav,male_0821.wav,nuclear_warning_alar_#1-1789013019213.mp3,siren,10,10.0,0.0,6.7374,16000,1,16,0.088782,0.210626,0.13385052,False,Male,30-45,Bodo,Assam,Kokrajhar,Post Graduate,Other,Education and Research
S0575,S0575_snr_10dB_siren.wav,male_0110.wav,siren-military-alarm.wav,siren,10,10.0,0.0,6.1699,16000,1,16,0.105101,0.207352,0.12901381,False,Male,45-60,Nepali,Meghalaya,Ri Bhoi,Post Graduate,Full Time,Education and Research
S0576,S0576_snr_10dB_siren.wav,male_0119.wav,"Loud,_piercing_war_a_#2-1789013159870.mp3",siren,10,10.0,0.0,3.14,16000,1,16,0.11175,0.163568,0.22064276,False,Male,18-30,Nepali,West Bengal,Kalimpong,Post Graduate,Part Time,Social service
S0577,S0577_snr_10dB_siren.wav,male_0942.wav,jeremayjimenez-austria-eas-alarm-486289.mp3,siren,10,10.0,0.0,5.6482,16000,1,16,0.088669,0.168409,0.15838445,False,Male,18-30,Konkani,Goa,South Goa,Post Graduate,Full Time,Technology and Services
S0578,S0578_snr_10dB_siren.wav,male_0138.wav,war-alarm-sound-long.mp3,siren,10,10.0,-0.0,4.083,16000,1,16,0.096191,0.132944,0.1733461,False,Male,18-30,Odia,Odisha,Sundergarh,Post Graduate,Full Time,Education and Research
S0579,S0579_snr_10dB_siren.wav,male_0107.wav,freesound_community-siren_short_low-78304.mp3,siren,10,10.0,0.0,19.2499,16000,1,16,0.032188,0.051703,0.19602204,False,Male,18-30,Dogri,Jammu Kashmir,Jammu,Senior Secondary Level at School (10+2),Full Time,Technology and Services
S0580,S0580_snr_10dB_siren.wav,male_0307.wav,the-sound-of-an-air-raid-siren.mp3,siren,10,10.0,-0.0,7.9397,16000,1,16,0.076588,0.052361,0.50832515,False,Male,45-60,Nepali,Meghalaya,Ri Bhoi,Post Graduate,Full Time,Education and Research
S0581,S0581_snr_10dB_siren.wav,male_0973.wav,matthewvakaliuk73627-russia-eas-alarm-alt-298272.mp3,siren,10,10.0,0.0,5.8801,16000,1,16,0.165674,0.141537,0.35998099,False,Male,30-45,Urdu,Gujarat,Ahmedabad,Graduate,Full Time,Technology and Services
S0582,S0582_snr_10dB_siren.wav,male_0009.wav,11325622-air-raid-siren-sound-effect-241383.mp3,siren,10,10.0,0.0,7.58,16000,1,16,0.071397,0.068735,0.64221739,False,Male,18-30,Nepali,West Bengal,Kalimpong,Post Graduate,Part Time,Social service
S0583,S0583_snr_10dB_siren.wav,male_0823.wav,dennish18-military-alarm-129017.mp3,siren,10,10.0,-0.0,18.1187,16000,1,16,0.004995,0.155877,0.00951732,False,Male,30-45,Sindhi,Rajasthan,Ajmer,Post Graduate,Part Time,Government
S0584,S0584_snr_10dB_siren.wav,male_0310.wav,jeremayjimenez-greece-eas-alarm-451404.mp3,siren,10,10.0,0.0,5.0613,16000,1,16,0.020019,0.110197,0.0605652,False,Male,30-45,Kannada,Karnataka,Bangalore Urban,Post Graduate,Full Time,Education and Research
S0585,S0585_snr_10dB_siren.wav,male_0557.wav,96973__kizilsungur__military_alarm.wav,siren,10,10.0,0.0,9.0522,16000,1,16,0.100921,0.156214,0.18781175,False,Male,45-60,Nepali,Meghalaya,Ri Bhoi,Post Graduate,Full Time,Education and Research
S0586,S0586_snr_10dB_siren.wav,male_0744.wav,military_base_alarm_#1-1789013105690.mp3,siren,10,10.0,0.0,5.6268,16000,1,16,0.073581,0.182493,0.12948011,False,Male,18-30,Malayalam,Kerala,Malappuram,Graduate,Full Time,Technology and Services
S0587,S0587_snr_10dB_siren.wav,male_0635.wav,freesound_community-siren-alert-96052.mp3,siren,10,10.0,0.0,3.7401,16000,1,16,0.15211,0.142105,0.33515314,False,Male,30-45,Urdu,Gujarat,Ahmedabad,Graduate,Full Time,Technology and Services
S0588,S0588_snr_10dB_siren.wav,male_0292.wav,jeremayjimenez-austria-eas-alarm-486289 (1).mp3,siren,10,10.0,-0.0,4.2622,16000,1,16,0.019162,0.168409,0.04341257,False,Male,30-45,Maithili,Bihar,Darbhanga,Post Graduate,Full Time,Education and Research
S0589,S0589_snr_10dB_siren.wav,male_0379.wav,mixkit-vintage-manual-fire-siren-1651.wav,siren,10,10.0,0.0,6.6,16000,1,16,0.114064,0.168668,0.1499795,False,Male,18-30,Nepali,West Bengal,Kalimpong,Post Graduate,Part Time,Social service
S0590,S0590_snr_10dB_siren.wav,male_0890.wav,scary-alarm-siren-fx_7bpm.wav,siren,10,10.0,-0.0,3.4323,16000,1,16,0.114268,0.203181,0.13659675,False,Male,18-30,Urdu,Bihar,Gaya,Graduate,Full Time,Technology and Services
S0591,S0591_snr_10dB_siren.wav,male_0630.wav,freesound_community-alarm-26718.mp3,siren,10,10.0,-0.0,10.2,16000,1,16,0.128835,0.328799,0.13001803,False,Male,30-45,Urdu,Gujarat,Ahmedabad,Graduate,Full Time,Technology and Services
S0592,S0592_snr_10dB_siren.wav,male_0358.wav,classic-london-siren-alarm-fx_78bpm.wav,siren,10,10.0,0.0,4.8202,16000,1,16,0.018372,0.162917,0.03383291,False,Male,30-45,Malayalam,Kerala,Palakkad,Post Graduate,Full Time,Technology and Services
S0593,S0593_snr_10dB_siren.wav,male_0713.wav,lazychillzone-air-raid-siren-225303.mp3,siren,10,10.0,0.0,7.0997,16000,1,16,0.053738,0.211005,0.08225527,False,Male,60+,Konkani,Goa,North Goa,Graduate,Full Time,Financial Services (Banking and Insurance)
S0594,S0594_snr_10dB_siren.wav,male_0621.wav,jeremayjimenez-bermuda-eas-alarm-2025-my-own-alarm-441470.mp3,siren,10,10.0,0.0,9.3938,16000,1,16,0.068165,0.248528,0.08584914,False,Male,60+,Konkani,Goa,North Goa,Graduate,Full Time,Financial Services (Banking and Insurance)
S0595,S0595_snr_10dB_siren.wav,male_0519.wav,emergency_alarm.mp3,siren,10,10.0,0.0,10.178,16000,1,16,0.074836,0.447525,0.05323068,False,Male,45-60,Nepali,Meghalaya,Ri Bhoi,Post Graduate,Full Time,Education and Research
S0596,S0596_snr_10dB_siren.wav,male_0663.wav,war-alarm-fx_132bpm.wav,siren,10,10.0,-0.0,10.16,16000,1,16,0.118441,0.121809,0.27653897,False,Male,18-30,Nepali,West Bengal,Kalimpong,Post Graduate,Part Time,Social service
S0597,S0597_snr_10dB_siren.wav,male_0551.wav,jeremayjimenez-taiwan-eas-alarm-501825.mp3,siren,10,10.0,-0.0,8.2464,16000,1,16,0.066844,0.088986,0.21445662,False,Male,30-45,Assamese,Assam,Nagaon,Post Graduate,Full Time,Education and Research
S0598,S0598_snr_10dB_gunshot.wav,male_0076.wav,47.mp3,gunshot,10,10.0,0.0,13.0734,16000,1,16,0.113107,0.100691,0.35603921,False,Male,30-45,Urdu,Gujarat,Ahmedabad,Graduate,Full Time,Technology and Services
S0599,S0599_snr_10dB_gunshot.wav,male_0103.wav,12.mp3,gunshot,10,10.0,0.0,25.0051,16000,1,16,0.03042,0.085466,0.11359452,False,Male,30-45,Maithili,Bihar,Sitamarhi,Graduate,Part Time,Education and Research
S0600,S0600_snr_10dB_gunshot.wav,male_0577.wav,19.mp3,gunshot,10,10.0,0.0,27.2639,16000,1,16,0.046008,0.121212,0.11827176,False,Male,18-30,Konkani,Goa,South Goa,Post Graduate,Full Time,Technology and Services
S0601,S0601_snr_10dB_gunshot.wav,male_0858.wav,10.mp3,gunshot,10,10.0,0.0,6.76,16000,1,16,0.10076,0.165068,0.19080914,False,Male,18-30,Nepali,West Bengal,Kalimpong,Post Graduate,Part Time,Social service
S0602,S0602_snr_10dB_gunshot.wav,male_0010.wav,11.mp3,gunshot,10,10.0,0.0,4.1164,16000,1,16,0.027839,0.121111,0.07233847,False,Male,30-45,Kannada,Karnataka,Bangalore Urban,Post Graduate,Full Time,Education and Research
S0603,S0603_snr_10dB_gunshot.wav,male_0075.wav,52.mp3,gunshot,10,10.0,0.0,4.7603,16000,1,16,0.057819,0.067198,0.30291642,False,Male,30-45,Tamil,Karnataka,Bangalore Rural,Doctoral (PhD) or higher level,Full Time,Education and Research
S0604,S0604_snr_10dB_gunshot.wav,male_0952.wav,22.mp3,gunshot,10,10.0,0.0,14.182,16000,1,16,0.04238,0.134623,0.10531041,False,Male,18-30,Dogri,Jammu Kashmir,Jammu,Senior Secondary Level at School (10+2),Full Time,Technology and Services
S0605,S0605_snr_10dB_gunshot.wav,male_0469.wav,3.mp3,gunshot,10,10.0,-0.0,7.0556,16000,1,16,0.130947,0.144984,0.28901479,False,Male,18-30,Gujarati,Gujarat,Sabarkantha,Post Graduate,Full Time,Information and Media
S0606,S0606_snr_10dB_gunshot.wav,male_0308.wav,39.mp3,gunshot,10,10.0,-0.0,7.0,16000,1,16,0.150898,0.019976,2.35035433,False,Male,30-45,Punjabi,Punjab,Mansa,Post Graduate,Full Time,Government
S0607,S0607_snr_10dB_gunshot.wav,male_0135.wav,63.wav,gunshot,10,10.0,0.0,4.7799,16000,1,16,0.135327,0.330009,0.13019513,False,Male,60+,Konkani,Goa,North Goa,Graduate,Full Time,Financial Services (Banking and Insurance)
S0608,S0608_snr_10dB_gunshot.wav,male_0860.wav,44.mp3,gunshot,10,10.0,0.0,28.0,16000,1,16,0.07049,0.039828,0.58355647,False,Male,18-30,Konkani,Goa,South Goa,Post Graduate,Full Time,Technology and Services
S0609,S0609_snr_10dB_gunshot.wav,male_0885.wav,25.mp3,gunshot,10,10.0,-0.0,6.5988,16000,1,16,0.026679,0.258513,0.0331103,False,Male,60+,Bengali,West Bengal,South 24 Parganas,Post Graduate,Other,Financial Services (Banking and Insurance)
S0610,S0610_snr_10dB_gunshot.wav,male_0245.wav,pistol_gun_sounds_#4-1789002355122.mp3,gunshot,10,10.0,0.0,3.4854,16000,1,16,0.054491,0.107302,0.1558511,False,Male,30-45,Bodo,Assam,Kokrajhar,Post Graduate,Other,Education and Research
S0611,S0611_snr_10dB_gunshot.wav,male_0642.wav,1.mp3,gunshot,10,10.0,0.0,3.0596,16000,1,16,0.071301,0.121212,0.18541533,False,Male,45-60,Malayalam,Kerala,Pathanamthitta,Graduate,Full Time,Government
S0612,S0612_snr_10dB_gunshot.wav,male_0210.wav,drone-elctrico-despegando-stiis7zq.wav,gunshot,10,10.0,-0.0,24.7808,16000,1,16,0.055308,0.089506,0.19595326,False,Male,60+,Konkani,Goa,North Goa,Graduate,Full Time,Financial Services (Banking and Insurance)
S0613,S0613_snr_10dB_gunshot.wav,male_0268.wav,26.mp3,gunshot,10,10.0,0.0,3.6795,16000,1,16,0.090003,0.121111,0.2264315,False,Male,60+,Konkani,Goa,North Goa,Graduate,Full Time,Financial Services (Banking and Insurance)
S0614,S0614_snr_10dB_gunshot.wav,male_0871.wav,56.mp3,gunshot,10,10.0,-0.0,5.08,16000,1,16,0.125487,0.070636,0.60195884,False,Male,18-30,Nepali,West Bengal,Kalimpong,Post Graduate,Part Time,Social service
S0615,S0615_snr_10dB_gunshot.wav,male_0536.wav,24.mp3,gunshot,10,10.0,-0.0,5.232,16000,1,16,0.034736,0.080711,0.15944743,False,Male,30-45,Kannada,Karnataka,Bangalore Urban,Post Graduate,Full Time,Education and Research
S0616,S0616_snr_10dB_gunshot.wav,male_0579.wav,pistol_gun_sounds_#1-1789002355115.mp3,gunshot,10,10.0,0.0,3.28,16000,1,16,0.026463,0.11565,0.06867825,False,Male,18-30,Dogri,Jammu Kashmir,Jammu,Senior Secondary Level at School (10+2),Full Time,Technology and Services
S0617,S0617_snr_10dB_gunshot.wav,male_0846.wav,67.wav,gunshot,10,10.0,0.0,8.9026,16000,1,16,0.097051,0.146283,0.21200549,False,Male,45-60,Urdu,Gujarat,Ahmedabad,Diploma Holder,Other,Government
S0618,S0618_snr_10dB_gunshot.wav,male_0969.wav,42.mp3,gunshot,10,10.0,0.0,16.3158,16000,1,16,0.128531,0.067464,0.61924944,False,Male,30-45,Malayalam,Kerala,Palakkad,Post Graduate,Full Time,Technology and Services
S0619,S0619_snr_10dB_gunshot.wav,male_0084.wav,74.mp3,gunshot,10,10.0,0.0,11.1766,16000,1,16,0.10582,0.155304,0.24438587,False,Male,18-30,Odia,Odisha,Sundergarh,Post Graduate,Full Time,Education and Research
S0620,S0620_snr_10dB_gunshot.wav,male_0041.wav,1.mp3,gunshot,10,10.0,-0.0,6.949,16000,1,16,0.096978,0.121212,0.2669894,False,Male,18-30,Odia,Odisha,Sundergarh,Post Graduate,Full Time,Education and Research
S0621,S0621_snr_10dB_gunshot.wav,male_0609.wav,33.mp3,gunshot,10,10.0,0.0,3.0259,16000,1,16,0.196053,0.134623,2.36914078,False,Male,45-60,Nepali,Meghalaya,Ri Bhoi,Post Graduate,Full Time,Education and Research
S0622,S0622_snr_10dB_helicopter.wav,male_0593.wav,spinopel-patrol-helicopter-492028.mp3,helicopter,10,10.0,0.0,4.7975,16000,1,16,0.018898,0.137112,0.0457002,False,Male,18-30,Hindi,Maharashtra,Pune,Under Graduate Student,Freelance,Financial Services (Banking and Insurance)
S0623,S0623_snr_10dB_helicopter.wav,male_0854.wav,156678__john-sipos__blackhawk.wav,helicopter,10,10.0,0.0,13.0734,16000,1,16,0.051432,0.117571,0.13776111,False,Male,45-60,Bodo,Assam,Udalguri,Doctoral (PhD) or higher level,Freelance,Education and Research
S0624,S0624_snr_10dB_helicopter.wav,male_0584.wav,553509__martineerok__helicopter_passing_by.wav,helicopter,10,10.0,0.0,4.613,16000,1,16,0.081297,0.054081,1.1051866,False,Male,18-30,Urdu,Bihar,Gaya,Graduate,Full Time,Technology and Services
S0625,S0625_snr_10dB_helicopter.wav,male_0123.wav,freesound_community-helicopter-1-77580.mp3,helicopter,10,10.0,0.0,4.8621,16000,1,16,0.106829,0.058764,0.5819496,False,Male,45-60,Malayalam,Kerala,Pathanamthitta,Graduate,Full Time,Government
S0626,S0626_snr_10dB_helicopter.wav,male_0414.wav,mixkit-helicopter-flying-far-away-2696.wav,helicopter,10,10.0,0.0,15.7283,16000,1,16,0.129239,0.153491,0.32414135,False,Male,30-45,Gujarati,Gujarat,Sabarkantha,Post Graduate,Part Time,Education and Research
S0627,S0627_snr_10dB_helicopter.wav,male_0241.wav,529922__dpath__helicopter-flying-in-downtown.wav,helicopter,10,10.0,0.0,3.9401,16000,1,16,0.048444,0.042796,1.01528994,False,Male,18-30,Dogri,Jammu Kashmir,Jammu,Senior Secondary Level at School (10+2),Full Time,Technology and Services
S0628,S0628_snr_10dB_helicopter.wav,male_0724.wav,spinopel-patrol-helicopter-in-the-sky-492026.mp3,helicopter,10,10.0,0.0,9.6,16000,1,16,0.109771,0.162996,0.19908383,False,Male,18-30,Nepali,West Bengal,Kalimpong,Post Graduate,Part Time,Social service
S0629,S0629_snr_10dB_helicopter.wav,male_0610.wav,dragon-studio-helicopter-sound-2-372458.mp3,helicopter,10,10.0,0.0,4.0675,16000,1,16,0.085752,0.099411,0.26845465,False,Male,60+,Marathi,Maharashtra,Solapur,Graduate,Full Time,Healthcare (Medical &amp; Pharma)
S0630,S0630_snr_10dB_helicopter.wav,male_0767.wav,546806__nox_sound__vehicle_helicopter_flyby_close_stereo.wav,helicopter,10,10.0,0.0,7.4,16000,1,16,0.080497,0.042832,1.62760397,False,Male,45-60,Malayalam,Kerala,Pathanamthitta,Graduate,Full Time,Government
S0631,S0631_snr_10dB_helicopter.wav,male_0191.wav,freesound_community-helicopter_passby_1-20087.mp3,helicopter,10,10.0,-0.0,9.56,16000,1,16,0.116456,0.021523,1.37770496,False,Male,18-30,Nepali,West Bengal,Kalimpong,Post Graduate,Part Time,Social service
S0632,S0632_snr_10dB_helicopter.wav,male_0083.wav,freesound_community-helicoptero-helicopter-45817.mp3,helicopter,10,10.0,0.0,4.1476,16000,1,16,0.141421,0.056115,0.78350445,False,Male,30-45,Kashmiri,Jammu Kashmir,Anantnag,Doctoral (PhD) or higher level,Full Time,Education and Research
S0633,S0633_snr_10dB_helicopter.wav,male_0521.wav,freesound_community-helicopter-1-60738.mp3,helicopter,10,10.0,0.0,8.16,16000,1,16,0.145829,0.027397,1.96352438,False,Male,18-30,Nepali,West Bengal,Kalimpong,Post Graduate,Part Time,Social service
S0634,S0634_snr_10dB_helicopter.wav,male_0877.wav,dragon-studio-helicopter-sound-8d-372463.mp3,helicopter,10,10.0,0.0,5.4082,16000,1,16,0.001932,0.10488,0.00497478,False,Male,45-60,Kashmiri,Jammu Kashmir,Srinagar,Doctoral (PhD) or higher level,Full Time,Education and Research
S0635,S0635_snr_10dB_helicopter.wav,male_0806.wav,721621__sduggysounds__helicopter-fly-by-in-the-woods.wav,helicopter,10,10.0,0.0,4.0134,16000,1,16,0.116907,0.004208,7.07264046,False,Male,30-45,Urdu,Gujarat,Ahmedabad,Graduate,Full Time,Technology and Services
S0636,S0636_snr_10dB_helicopter.wav,male_0784.wav,514919__joseignaciotriay__helicopter-blackhawk-fast-pass-bye.wav,helicopter,10,10.0,-0.0,5.04,16000,1,16,0.100079,0.014575,1.92189072,False,Male,18-30,Nepali,West Bengal,Kalimpong,Post Graduate,Part Time,Social service
S0637,S0637_snr_10dB_helicopter.wav,male_0515.wav,mind_out_of_office-helicopter-sound-noise-arriving-in-the-mountains-237980.mp3,helicopter,10,10.0,0.0,8.5201,16000,1,16,0.060653,0.068624,0.24532434,False,Male,30-45,Maithili,Bihar,Samastipur,Doctoral (PhD) or higher level,Full Time,Education and Research
S0638,S0638_snr_10dB_helicopter.wav,male_0489.wav,freesound_community-helicopter-engine-starting-part-1-38442.mp3,helicopter,10,10.0,0.0,6.6289,16000,1,16,0.07193,0.032319,0.67644647,False,Male,60+,Marathi,Maharashtra,Solapur,Graduate,Full Time,Healthcare (Medical &amp; Pharma)
S0639,S0639_snr_10dB_helicopter.wav,male_0848.wav,706415__felixblume__helicopter-flying-near-a-military-base-very-loud-with-road-and-city-hum-slight-wind-in-the-desert.wav,helicopter,10,10.0,0.0,4.7763,16000,1,16,0.032921,0.02603,0.83215535,False,Male,30-45,Maithili,Bihar,Darbhanga,Post Graduate,Full Time,Education and Research
S0640,S0640_snr_10dB_helicopter.wav,male_0673.wav,freesound_community-helicopter-flyby-64248.mp3,helicopter,10,10.0,0.0,11.9948,16000,1,16,0.086885,0.046151,0.39381289,False,Male,45-60,Kannada,Karnataka,Shimoga,Post Graduate,Other,Manufacturing
S0641,S0641_snr_10dB_helicopter.wav,male_0059.wav,magiaz-helicopter-331266.mp3,helicopter,10,10.0,-0.0,7.325,16000,1,16,0.076062,0.047949,0.53069833,False,Male,30-45,Maithili,Bihar,Samastipur,Doctoral (PhD) or higher level,Full Time,Education and Research
S0642,S0642_snr_10dB_helicopter.wav,male_0322.wav,juliush-helicopter-8030 (1).mp3,helicopter,10,10.0,0.0,7.9375,16000,1,16,0.024645,0.117397,0.0682654,False,Male,30-45,Maithili,Bihar,Darbhanga,Post Graduate,Full Time,Education and Research
S0643,S0643_snr_10dB_helicopter.wav,male_0692.wav,soundreality-helicopter-2-216633.mp3,helicopter,10,10.0,0.0,9.6451,16000,1,16,0.027865,0.306907,0.02581938,False,Male,30-45,Malayalam,Kerala,Palakkad,Post Graduate,Full Time,Technology and Services
S0644,S0644_snr_10dB_helicopter.wav,male_0556.wav,freesound_community-helicopter-68375.mp3,helicopter,10,10.0,0.0,9.0667,16000,1,16,0.129477,0.082817,0.41852206,False,Male,30-45,Urdu,Gujarat,Ahmedabad,Graduate,Full Time,Technology and Services
S0645,S0645_snr_10dB_helicopter.wav,male_0594.wav,freesound_community-helicopter-74056.mp3,helicopter,10,10.0,0.0,5.1551,16000,1,16,0.110163,0.034017,0.8937889,False,Male,18-30,Konkani,Goa,South Goa,Post Graduate,Full Time,Technology and Services
S0646,S0646_snr_10dB_wind.wav,male_0838.wav,dragon-studio-gentle-wind-gusts-447502 (1).mp3,wind,10,10.0,-0.0,10.9878,16000,1,16,0.10532,0.100979,0.39031179,False,Male,30-45,Urdu,Gujarat,Ahmedabad,Graduate,Full Time,Technology and Services
S0647,S0647_snr_10dB_wind.wav,male_0223.wav,soundreality-wind-blowing-457954.mp3,wind,10,10.0,0.0,3.9881,16000,1,16,0.061872,0.021031,0.87473251,False,Male,18-30,Telugu,Andhra Pradesh,Prakasam,Under Graduate Student,Full Time,Technology and Services
S0648,S0648_snr_10dB_wind.wav,male_0304.wav,dragon-studio-rainstorm-with-wind-351117.mp3,wind,10,10.0,0.0,6.4752,16000,1,16,0.059653,0.086939,0.39186378,False,Male,30-45,Bodo,Assam,Kokrajhar,Post Graduate,Other,Education and Research
S0649,S0649_snr_10dB_wind.wav,male_0717.wav,dragon-studio-wind-blowing-sfx-06-423674.mp3,wind,10,10.0,-0.0,3.1305,16000,1,16,0.031382,0.117842,0.08409541,False,Male,45-60,Bodo,Assam,Udalguri,Doctoral (PhD) or higher level,Freelance,Education and Research
S0650,S0650_snr_10dB_wind.wav,male_0159.wav,alexzavesa-strong-wind-1-463603.mp3,wind,10,10.0,0.0,3.3278,16000,1,16,0.152663,0.091397,0.48390257,False,Male,30-45,Punjabi,Punjab,Mansa,Post Graduate,Full Time,Government
S0651,S0651_snr_10dB_wind.wav,male_0499.wav,freesound_community-car-strong-wind-noise-58443.mp3,wind,10,10.0,0.0,4.1497,16000,1,16,0.025665,0.248943,0.03238748,False,Male,18-30,Dogri,Jammu Kashmir,Jammu,Senior Secondary Level at School (10+2),Full Time,Technology and Services
S0652,S0652_snr_10dB_wind.wav,male_0570.wav,soundreality-wind-far-away-sfx-522602.mp3,wind,10,10.0,-0.0,3.8431,16000,1,16,0.134152,0.228363,0.17787737,False,Male,18-30,Nepali,West Bengal,Kalimpong,Post Graduate,Part Time,Social service
S0653,S0653_snr_10dB_wind.wav,male_0898.wav,soundreality-wind-forest-sfx-522912.mp3,wind,10,10.0,-0.0,4.0706,16000,1,16,0.048952,0.170552,0.0872368,False,Male,18-30,Kashmiri,Jammu Kashmir,Srinagar,Post Graduate,Other,Education and Research
S0654,S0654_snr_10dB_wind.wav,male_0293.wav,tanweraman-howling-polar-wind-445023.mp3,wind,10,10.0,0.0,5.435,16000,1,16,0.04244,0.134819,0.10642565,False,Male,30-45,Dogri,Jammu Kashmir,Jammu,Graduate,Full Time,Technology and Services
S0655,S0655_snr_10dB_wind.wav,male_0466.wav,dragon-studio-wind-blowing-sfx-07-423677.mp3,wind,10,10.0,-0.0,4.7231,16000,1,16,0.126892,0.158612,0.20739019,False,Male,30-45,Malayalam,Kerala,Palakkad,Post Graduate,Full Time,Technology and Services
S0656,S0656_snr_10dB_wind.wav,male_0989.wav,dragon-studio-wind-gust-386158.mp3,wind,10,10.0,-0.0,5.3315,16000,1,16,0.086362,0.012639,2.11439422,False,Male,30-45,Bodo,Assam,Kokrajhar,Post Graduate,Other,Education and Research
S0657,S0657_snr_10dB_wind.wav,male_0400.wav,dragon-studio-heavy-wind-and-rain-515265.mp3,wind,10,10.0,0.0,11.9942,16000,1,16,0.096936,0.175,0.17366768,False,Male,18-30,Odia,Odisha,Sundergarh,Post Graduate,Full Time,Education and Research
S0658,S0658_snr_10dB_wind.wav,male_0003.wav,soundreality-wind-far-away-2-sfx-522600.mp3,wind,10,10.0,0.0,4.3406,16000,1,16,0.100834,0.241676,0.12820042,False,Male,60+,Marathi,Maharashtra,Solapur,Graduate,Full Time,Healthcare (Medical &amp; Pharma)
S0659,S0659_snr_10dB_wind.wav,male_0887.wav,freesound_community-wind-artificial-18750.mp3,wind,10,10.0,0.0,13.6235,16000,1,16,0.038594,0.072779,0.17107705,False,Male,18-30,Kashmiri,Jammu Kashmir,Srinagar,Post Graduate,Other,Education and Research
S0660,S0660_snr_10dB_wind.wav,male_0169.wav,nematoki-winter-wind-305577 (1).mp3,wind,10,10.0,-0.0,7.14,16000,1,16,0.05131,0.049446,1.086886,False,Male,30-45,Maithili,Bihar,Samastipur,Doctoral (PhD) or higher level,Full Time,Education and Research
S0661,S0661_snr_10dB_wind.wav,male_0726.wav,storegraphic-soft-wind-477404.mp3,wind,10,10.0,0.0,5.2665,16000,1,16,0.097302,0.039966,0.65638845,False,Male,18-30,Konkani,Goa,South Goa,Post Graduate,Full Time,Technology and Services
S0662,S0662_snr_10dB_wind.wav,male_0870.wav,dragon-studio-cemetery-wind-467488.mp3,wind,10,10.0,-0.0,3.0417,16000,1,16,0.090069,0.100809,0.25315477,False,Male,30-45,Maithili,Bihar,Samastipur,Doctoral (PhD) or higher level,Full Time,Education and Research
S0663,S0663_snr_10dB_wind.wav,male_0219.wav,dragon-studio-bitter-cold-wind-482876.mp3,wind,10,10.0,0.0,15.8397,16000,1,16,0.031764,0.05414,0.18566167,False,Male,30-45,Dogri,Jammu Kashmir,Jammu,Graduate,Full Time,Technology and Services
S0664,S0664_snr_10dB_wind.wav,male_0493.wav,soundreality-wind-lake-sfx-522908.mp3,wind,10,10.0,-0.0,8.6266,16000,1,16,0.11919,0.190692,0.19719688,False,Male,30-45,Urdu,Gujarat,Ahmedabad,Graduate,Full Time,Technology and Services
S0665,S0665_snr_10dB_wind.wav,male_0716.wav,ElevenLabs_Wind (1).mp3,wind,10,10.0,0.0,5.5298,16000,1,16,0.154,0.044386,1.02663697,False,Male,30-45,Kashmiri,Jammu Kashmir,Anantnag,Doctoral (PhD) or higher level,Full Time,Education and Research
S0666,S0666_snr_10dB_wind.wav,male_0752.wav,eryliaa-wind-blowing-through-the-forest-364370.mp3,wind,10,10.0,0.0,6.5262,16000,1,16,0.031477,0.008419,1.777185,False,Male,18-30,Kannada,Karnataka,Bangalore Urban,Graduate,Part Time,Information and Media
S0667,S0667_snr_10dB_wind.wav,male_0171.wav,dragon-studio-elemental-spell-impact-wind-478376.mp3,wind,10,10.0,-0.0,7.0801,16000,1,16,0.055645,0.139373,0.15449912,False,Male,30-45,Dogri,Jammu Kashmir,Jammu,Graduate,Full Time,Technology and Services
S0668,S0668_snr_10dB_wind.wav,male_0243.wav,wind-strong-01.mp3,wind,10,10.0,-0.0,7.4151,16000,1,16,0.071268,0.158551,0.13508963,False,Male,45-60,Bodo,Assam,Udalguri,Doctoral (PhD) or higher level,Freelance,Education and Research
S0669,S0669_snr_15dB_armored_vehicle.wav,male_0981.wav,freesound_community-robot-tank-34600.mp3,armored_vehicle,15,15.0,0.0,3.7861,16000,1,16,0.043027,0.060445,0.35350871,False,Male,30-45,Maithili,Bihar,Darbhanga,Post Graduate,Full Time,Education and Research
S0670,S0670_snr_15dB_armored_vehicle.wav,male_0016.wav,the-sound-of-a-tank-truck-engine-factory.mp3,armored_vehicle,15,15.0,0.0,4.3001,16000,1,16,0.176647,0.213932,0.14513902,False,Male,30-45,Urdu,Gujarat,Ahmedabad,Graduate,Full Time,Technology and Services
S0671,S0671_snr_15dB_armored_vehicle.wav,male_0554.wav,"Armored personnel carrier, armored car.mp3",armored_vehicle,15,15.0,0.0,6.4724,16000,1,16,0.050816,0.126384,0.06825444,False,Male,18-30,Konkani,Goa,South Goa,Post Graduate,Full Time,Technology and Services
S0672,S0672_snr_15dB_armored_vehicle.wav,male_0668.wav,military-engine-sound.mp3,armored_vehicle,15,15.0,0.0,5.8912,16000,1,16,0.043137,0.121913,0.05252964,False,Male,60+,Konkani,Goa,North Goa,Graduate,Full Time,Financial Services (Banking and Insurance)
S0673,S0673_snr_15dB_armored_vehicle.wav,male_0052.wav,the-sound-of-the-movement-of-the-tank-caterpillar-and-motor.mp3,armored_vehicle,15,15.0,0.0,5.67,16000,1,16,0.103406,0.087098,0.17784242,False,Male,18-30,Odia,Odisha,Sundergarh,Post Graduate,Full Time,Education and Research
S0674,S0674_snr_15dB_armored_vehicle.wav,male_0990.wav,tank-passing-by.mp3,armored_vehicle,15,15.0,0.0,9.5307,16000,1,16,0.05157,0.045227,1.02877338,False,Male,18-30,Konkani,Goa,South Goa,Post Graduate,Full Time,Technology and Services
S0675,S0675_snr_15dB_armored_vehicle.wav,male_0564.wav,Tank engine idling.mp3,armored_vehicle,15,15.0,0.0,5.8391,16000,1,16,0.104932,0.123317,0.13657313,False,Male,45-60,Malayalam,Kerala,Pathanamthitta,Graduate,Full Time,Government
S0676,S0676_snr_15dB_armored_vehicle.wav,male_0454.wav,the-sound-of-a-tanker-truck.mp3,armored_vehicle,15,15.0,0.0,4.395,16000,1,16,0.055865,0.295403,0.03334034,False,Male,30-45,Maithili,Bihar,Sitamarhi,Graduate,Part Time,Education and Research
S0677,S0677_snr_15dB_armored_vehicle.wav,male_0078.wav,freesound_community-hover-vehicle-rev-loop-102894.mp3,armored_vehicle,15,15.0,0.0,3.9478,16000,1,16,0.111006,0.32688,0.06108416,False,Male,45-60,Dogri,Jammu Kashmir,Jammu,Graduate,Full Time,Retail
S0678,S0678_snr_15dB_armored_vehicle.wav,male_0256.wav,1914-18_ tank maneuvering over broken ground.mp3,armored_vehicle,15,15.0,0.0,9.64,16000,1,16,0.043161,0.11034,0.07282887,False,Male,60+,Assamese,Assam,Biswanath,Post Graduate,Other,Education and Research
S0679,S0679_snr_15dB_armored_vehicle.wav,male_0913.wav,freesound_community-tracked-vehicle-91010 (1).mp3,armored_vehicle,15,15.0,0.0,8.4653,16000,1,16,0.125455,0.119053,0.18723243,False,Male,30-45,Gujarati,Gujarat,Sabarkantha,Post Graduate,Part Time,Education and Research
S0680,S0680_snr_15dB_armored_vehicle.wav,male_0718.wav,military-tank-sound-effects.mp3,armored_vehicle,15,15.0,0.0,5.32,16000,1,16,0.041936,0.309324,0.02422007,False,Male,45-60,Kannada,Karnataka,Shimoga,Post Graduate,Other,Manufacturing
S0681,S0681_snr_15dB_armored_vehicle.wav,male_0188.wav,Sherman military tank_ moving.mp3,armored_vehicle,15,15.0,0.0,10.3438,16000,1,16,0.000904,0.045602,0.00677667,False,Male,45-60,Kashmiri,Jammu Kashmir,Srinagar,Doctoral (PhD) or higher level,Full Time,Education and Research
S0682,S0682_snr_15dB_armored_vehicle.wav,male_0830.wav,"Tank column, the movement of a group of tanks.mp3",armored_vehicle,15,15.0,0.0,9.84,16000,1,16,0.054987,0.146627,0.04745818,False,Male,45-60,Kannada,Karnataka,Shimoga,Post Graduate,Other,Manufacturing
S0683,S0683_snr_15dB_armored_vehicle.wav,male_0144.wav,Military tank_ moving at different speeds (2).mp3,armored_vehicle,15,15.0,0.0,6.5401,16000,1,16,0.161346,0.091278,0.69055878,False,Male,30-45,Gujarati,Gujarat,Sabarkantha,Post Graduate,Part Time,Education and Research
S0684,S0684_snr_15dB_armored_vehicle.wav,male_0967.wav,Military armored personnel carrier approaching and passing by.mp3,armored_vehicle,15,15.0,0.0,9.5256,16000,1,16,0.072475,0.059499,0.19256798,False,Male,18-30,Assamese,Assam,Kamrup Metropolitan,Post Graduate,Full Time,Education and Research
S0685,S0685_snr_15dB_armored_vehicle.wav,male_0815.wav,kave_msri-tank-moving-sfx-319878.mp3,armored_vehicle,15,15.0,0.0,4.7691,16000,1,16,0.085065,0.339226,0.04424113,False,Male,45-60,Telugu,Telangana,Hyderabad,Doctoral (PhD) or higher level,Full Time,Education and Research
S0686,S0686_snr_15dB_armored_vehicle.wav,male_0706.wav,mixkit-tractor-driving-away-1599.wav,armored_vehicle,15,15.0,0.0,4.1424,16000,1,16,0.014082,0.128802,0.08057026,False,Male,18-30,Bodo,Assam,Kokrajhar,Post Graduate,Part Time,Education and Research
S0687,S0687_snr_15dB_armored_vehicle.wav,male_0924.wav,the-sound-of-driving-inside-the-tank.mp3,armored_vehicle,15,15.0,0.0,3.3739,16000,1,16,0.140389,0.119043,0.26323909,False,Male,30-45,Marathi,Maharashtra,Raigad,Post Graduate,Full Time,Education and Research
S0688,S0688_snr_15dB_armored_vehicle.wav,male_0255.wav,freesound_community-chugging-diesel-bus-and-rev-23478.mp3,armored_vehicle,15,15.0,0.0,4.7993,16000,1,16,0.14516,0.141161,0.21259205,False,Male,18-30,Bengali,West Bengal,Kolkata,Doctoral (PhD) or higher level,Full Time,Education and Research
S0689,S0689_snr_15dB_armored_vehicle.wav,male_0112.wav,spinopel-delivery-truck-starts-moving-456313.mp3,armored_vehicle,15,15.0,0.0,4.3664,16000,1,16,0.049346,0.101154,0.08869215,False,Male,45-60,Bodo,Assam,Udalguri,Doctoral (PhD) or higher level,Freelance,Education and Research
S0690,S0690_snr_15dB_armored_vehicle.wav,male_0348.wav,freesound_community-general-noise-vehicle-interior-73739.mp3,armored_vehicle,15,15.0,0.0,17.0819,16000,1,16,0.0856,0.027394,0.53110519,False,Male,45-60,Gujarati,Gujarat,Amreli,Post Graduate,Part Time,Education and Research
S0691,S0691_snr_15dB_armored_vehicle.wav,male_0413.wav,sound-from-inside-a-damaged-tank-while-driving.mp3,armored_vehicle,15,15.0,0.0,3.7508,16000,1,16,0.138223,0.076646,0.30201721,False,Male,30-45,Kannada,Karnataka,Shimoga,Post Graduate,Full Time,Education and Research
S0692,S0692_snr_15dB_armored_vehicle.wav,male_0063.wav,freesound_community-driving-tank-engine-88503 (1).mp3,armored_vehicle,15,15.0,0.0,4.2627,16000,1,16,0.024777,0.131287,0.03349753,False,Male,18-30,Hindi,Maharashtra,Pune,Under Graduate Student,Freelance,Financial Services (Banking and Insurance)
S0693,S0693_snr_15dB_artillery.wav,male_0101.wav,freesound_community-laser-cannon-02-33201.mp3,artillery,15,15.0,0.0,4.8166,16000,1,16,0.062416,0.065798,0.14736215,False,Male,30-45,Tamil,Karnataka,Bangalore Rural,Doctoral (PhD) or higher level,Full Time,Education and Research
S0694,S0694_snr_15dB_artillery.wav,male_0662.wav,freesound_community-heavy-laser-cannon-6942.mp3,artillery,15,15.0,0.0,7.52,16000,1,16,0.133221,0.02622,0.84943025,False,Male,18-30,Nepali,West Bengal,Kalimpong,Post Graduate,Part Time,Social service
S0695,S0695_snr_15dB_artillery.wav,male_0670.wav,vishiv-futuristic-laser-gun-effects-pack-1-435013 (1).mp3,artillery,15,15.0,0.0,11.3159,16000,1,16,0.076873,0.078626,0.16842489,False,Male,18-30,Kashmiri,Jammu Kashmir,Srinagar,Post Graduate,Other,Education and Research
S0696,S0696_snr_15dB_artillery.wav,male_0690.wav,ejah_music-artillery-shot-heavy-362717.mp3,artillery,15,15.0,-0.0,4.8579,16000,1,16,0.103872,0.062584,0.2939983,False,Male,18-30,Urdu,Bihar,Gaya,Graduate,Full Time,Technology and Services
S0697,S0697_snr_15dB_artillery.wav,male_0056.wav,freesound_community-r12-20-large-rhythmic-artillery-gun-19912.mp3,artillery,15,15.0,0.0,7.32,16000,1,16,0.063847,0.028875,0.43232024,False,Male,30-45,Maithili,Bihar,Samastipur,Doctoral (PhD) or higher level,Full Time,Education and Research
S0698,S0698_snr_15dB_artillery.wav,male_0479.wav,magiaz-tiro-de-canhao-397854.mp3,artillery,15,15.0,0.0,12.6526,16000,1,16,0.118885,0.032519,0.71915393,False,Male,30-45,Urdu,Gujarat,Ahmedabad,Graduate,Full Time,Technology and Services
S0699,S0699_snr_15dB_artillery.wav,male_0421.wav,freesound_community-lightning_direct_hit-rowy101wav-14842.mp3,artillery,15,15.0,0.0,4.1401,16000,1,16,0.165482,0.032216,3.53581351,False,Male,30-45,Urdu,Gujarat,Ahmedabad,Graduate,Full Time,Technology and Services
S0700,S0700_snr_15dB_artillery.wav,male_0756.wav,magiaz-canhao-397921 (1).mp3,artillery,15,15.0,0.0,10.8124,16000,1,16,0.033109,0.028278,0.21449162,False,Male,18-30,Kashmiri,Jammu Kashmir,Srinagar,Post Graduate,Other,Education and Research
S0701,S0701_snr_15dB_artillery.wav,male_0363.wav,freesound_community-blast-37988.mp3,artillery,15,15.0,0.0,7.2004,16000,1,16,0.009181,0.080862,0.02138588,False,Male,30-45,Sindhi,Rajasthan,Ajmer,Post Graduate,Part Time,Government
S0702,S0702_snr_15dB_artillery.wav,male_0442.wav,freesound_community-distant-explosion-39685.mp3,artillery,15,15.0,0.0,9.1914,16000,1,16,0.09347,0.210938,0.08147521,False,Male,18-30,Nepali,West Bengal,Kalimpong,Post Graduate,Part Time,Social service
S0703,S0703_snr_15dB_artillery.wav,male_0675.wav,freesound_community-military-war-22938.mp3,artillery,15,15.0,0.0,7.72,16000,1,16,0.116825,0.130517,0.16573501,False,Male,18-30,Nepali,West Bengal,Kalimpong,Post Graduate,Part Time,Social service
S0704,S0704_snr_15dB_artillery.wav,male_0947.wav,magiaz-war-394022.mp3,artillery,15,15.0,0.0,6.6602,16000,1,16,0.016447,0.083966,0.03947691,False,Male,30-45,Malayalam,Kerala,Palakkad,Post Graduate,Full Time,Technology and Services
S0705,S0705_snr_15dB_artillery.wav,male_0097.wav,freesound_community-slow-mo-cannon-100971.mp3,artillery,15,15.0,0.0,3.5849,16000,1,16,0.08544,0.245017,0.05897971,False,Male,18-30,Konkani,Goa,South Goa,Post Graduate,Full Time,Technology and Services
S0706,S0706_snr_15dB_artillery.wav,male_0195.wav,freesound_community-particle-projectile-cannon_internal4-46267.mp3,artillery,15,15.0,0.0,9.7599,16000,1,16,0.108902,0.117022,0.16674115,False,Male,30-45,Urdu,Gujarat,Ahmedabad,Graduate,Full Time,Technology and Services
S0707,S0707_snr_15dB_artillery.wav,male_0417.wav,freesound_community-bit-cannon-85932.mp3,artillery,15,15.0,0.0,3.0894,16000,1,16,0.056458,0.336872,0.0282121,False,Male,18-30,Assamese,Assam,Lakhimpur,Post Graduate,Full Time,Technology and Services
S0708,S0708_snr_15dB_artillery.wav,male_0710.wav,snoops_audio-08-weaponry-ultra-heavy-cannon-c-343783 (1).mp3,artillery,15,15.0,0.0,10.24,16000,1,16,0.095891,0.266821,0.06508019,False,Male,18-30,Nepali,West Bengal,Kalimpong,Post Graduate,Part Time,Social service
S0709,S0709_snr_15dB_artillery.wav,male_0249.wav,snoops_audio-08-weaponry-ultra-heavy-cannon-c-343783.mp3,artillery,15,15.0,0.0,4.1949,16000,1,16,0.047443,0.266821,0.02994369,False,Male,18-30,Konkani,Goa,South Goa,Post Graduate,Full Time,Technology and Services
S0710,S0710_snr_15dB_artillery.wav,male_0485.wav,alex_jauk-alien-weapon-firing-205255.mp3,artillery,15,15.0,0.0,3.9881,16000,1,16,0.126548,0.064952,0.33665117,False,Male,30-45,Malayalam,Kerala,Palakkad,Post Graduate,Full Time,Technology and Services
S0711,S0711_snr_15dB_artillery.wav,male_0591.wav,magiaz-canhao-397903.mp3,artillery,15,15.0,0.0,7.6,16000,1,16,0.156756,0.02582,1.31776215,False,Male,30-45,Urdu,Gujarat,Ahmedabad,Graduate,Full Time,Technology and Services
S0712,S0712_snr_15dB_artillery.wav,male_0585.wav,freesound_community-minigun-95091.mp3,artillery,15,15.0,0.0,7.78,16000,1,16,0.103639,0.143499,0.12324004,False,Male,18-30,Nepali,West Bengal,Kalimpong,Post Graduate,Part Time,Social service
S0713,S0713_snr_15dB_artillery.wav,male_0136.wav,freesound_community-distant-cannon-fire-simulated-36464.mp3,artillery,15,15.0,-0.0,4.9594,16000,1,16,0.071599,0.029745,0.48310605,False,Male,60+,Konkani,Goa,North Goa,Graduate,Full Time,Financial Services (Banking and Insurance)
S0714,S0714_snr_15dB_artillery.wav,male_0754.wav,magiaz-shooting_in_a_war-427812.mp3,artillery,15,15.0,0.0,3.2804,16000,1,16,0.011556,0.101279,0.02231306,False,Male,18-30,Bodo,Assam,Kokrajhar,Post Graduate,Part Time,Education and Research
S0715,S0715_snr_15dB_artillery.wav,male_0220.wav,singularitysmarauder-large_steampunk_gun-301959.mp3,artillery,15,15.0,0.0,17.0272,16000,1,16,0.115622,0.035214,0.54374295,False,Male,18-30,Nepali,West Bengal,Kalimpong,Post Graduate,Part Time,Social service
S0716,S0716_snr_15dB_artillery.wav,male_0768.wav,alban_gogh-quot-sound-of-war-quot-sound-effect-460937 (1).mp3,artillery,15,15.0,0.0,4.9671,16000,1,16,0.197681,0.13536,0.22025131,False,Male,30-45,Urdu,Gujarat,Ahmedabad,Graduate,Full Time,Technology and Services
S0717,S0717_snr_15dB_drone.wav,male_0686.wav,black_kumizhi-phasey-swelling-drone-atmosphere-514097.mp3,drone,15,15.0,0.0,8.3634,16000,1,16,0.047889,0.054171,0.13223955,False,Male,30-45,Dogri,Jammu Kashmir,Jammu,Graduate,Full Time,Technology and Services
S0718,S0718_snr_15dB_drone.wav,male_0286.wav,low-frequency-ambient-hum-3k3sxqky.wav,drone,15,15.0,0.0,3.0939,16000,1,16,0.162387,0.17726,0.16419745,False,Male,30-45,Urdu,Gujarat,Ahmedabad,Graduate,Full Time,Technology and Services
S0719,S0719_snr_15dB_drone.wav,male_0244.wav,expanding-drone-with-whoo-mrxattb4.wav,drone,15,15.0,-0.0,4.3732,16000,1,16,0.07044,0.142509,0.07504285,False,Male,30-45,Konkani,Goa,North Goa,Post Graduate,Full Time,Education and Research
S0720,S0720_snr_15dB_drone.wav,male_0527.wav,low-drone-resumes-emphasi-f7t4m7li.wav,drone,15,15.0,0.0,6.8309,16000,1,16,0.020919,0.164916,0.02214287,False,Male,60+,Bengali,West Bengal,South 24 Parganas,Post Graduate,Other,Financial Services (Banking and Insurance)
S0721,S0721_snr_15dB_drone.wav,male_0729.wav,se_ghqjqjqpus2iopd3.wav,drone,15,15.0,0.0,10.1342,16000,1,16,0.076666,0.203985,0.06700937,False,Male,18-30,Nepali,West Bengal,Kalimpong,Post Graduate,Part Time,Social service
S0722,S0722_snr_15dB_drone.wav,male_0339.wav,expanding-echo-reverb-wit-dfag4n4r.wav,drone,15,15.0,0.0,4.9516,16000,1,16,0.057287,0.071431,0.13387822,False,Male,18-30,Telugu,Andhra Pradesh,Prakasam,Under Graduate Student,Full Time,Technology and Services
S0723,S0723_snr_15dB_drone.wav,male_0873.wav,som-do-drone-dji-mini-4rc6ivhx.wav,drone,15,15.0,0.0,5.1728,16000,1,16,0.093142,0.106934,0.11951099,False,Male,18-30,Urdu,Bihar,Gaya,Graduate,Full Time,Technology and Services
S0724,S0724_snr_15dB_drone.wav,male_0070.wav,drone-ambient-cinematic-e-ito4qj55.wav,drone,15,15.0,0.0,6.2247,16000,1,16,0.102236,0.236368,0.07597036,False,Male,18-30,Odia,Odisha,Sundergarh,Post Graduate,Full Time,Education and Research
S0725,S0725_snr_15dB_drone.wav,male_0875.wav,"Low,_sustained_elect_#4-1789002860916.mp3",drone,15,15.0,0.0,3.2816,16000,1,16,0.073862,0.028918,0.44944158,False,Male,60+,Marathi,Maharashtra,Solapur,Graduate,Full Time,Healthcare (Medical &amp; Pharma)
S0726,S0726_snr_15dB_drone.wav,male_0061.wav,low-rumbling-horror-drone-wzuwrh2t.wav,drone,15,15.0,0.0,3.0078,16000,1,16,0.125306,0.218789,0.07643665,False,Male,30-45,Marathi,Maharashtra,Raigad,Post Graduate,Full Time,Education and Research
S0727,S0727_snr_15dB_drone.wav,male_0647.wav,low-drone-building-tneilm4x.wav,drone,15,15.0,0.0,3.3504,16000,1,16,0.057158,0.262256,0.03768847,False,Male,18-30,Assamese,Assam,Kamrup Metropolitan,Post Graduate,Full Time,Education and Research
S0728,S0728_snr_15dB_drone.wav,male_0725.wav,se_2fwzlomny2k2zb4f.wav,drone,15,15.0,0.0,6.2049,16000,1,16,0.102966,0.124534,0.14144496,False,Male,30-45,Dogri,Jammu Kashmir,Jammu,Graduate,Full Time,Technology and Services
S0729,S0729_snr_15dB_drone.wav,male_0073.wav,subtle-orchestral-drone-w-vhqcx3g6.wav,drone,15,15.0,0.0,5.5001,16000,1,16,0.012525,0.132692,0.01371617,False,Male,18-30,Bodo,Assam,Kokrajhar,Post Graduate,Part Time,Education and Research
S0730,S0730_snr_15dB_drone.wav,male_0008.wav,se_3qjphc5svzgkprrb.wav,drone,15,15.0,0.0,4.7892,16000,1,16,0.095924,0.305032,0.05582928,False,Male,60+,Marathi,Maharashtra,Solapur,Graduate,Full Time,Healthcare (Medical &amp; Pharma)
S0731,S0731_snr_15dB_drone.wav,male_0968.wav,heavy-suspense-drone-qvkfs2ut.wav,drone,15,15.0,0.0,8.8166,16000,1,16,0.104611,0.203999,0.08987186,False,Male,18-30,Odia,Odisha,Sundergarh,Post Graduate,Full Time,Education and Research
S0732,S0732_snr_15dB_drone.wav,male_0735.wav,the-ambient-drone-should--snd63p4k.wav,drone,15,15.0,0.0,5.52,16000,1,16,0.125041,0.168487,0.13146387,False,Male,30-45,Punjabi,Punjab,Mansa,Post Graduate,Full Time,Government
S0733,S0733_snr_15dB_drone.wav,male_0236.wav,low-dark-drone-start-i3qlxcez.wav,drone,15,15.0,0.0,3.8501,16000,1,16,0.046289,0.618616,0.01309055,False,Male,30-45,Bodo,Assam,Kokrajhar,Post Graduate,Other,Education and Research
S0734,S0734_snr_15dB_drone.wav,male_0568.wav,ya_dmutro-military-fpv-drone-attack-with-impact-explosion-439286.mp3,drone,15,15.0,0.0,5.0711,16000,1,16,0.106969,0.064676,0.30911614,False,Male,60+,Punjabi,Punjab,Rupnagar,Graduate,Other,Government
S0735,S0735_snr_15dB_drone.wav,male_0603.wav,ultra-realistic-shamanic--slftnbdc.wav,drone,15,15.0,0.0,4.4233,16000,1,16,0.08765,0.25838,0.04979438,False,Male,18-30,Odia,Odisha,Sundergarh,Post Graduate,Full Time,Education and Research
S0736,S0736_snr_15dB_drone.wav,male_0022.wav,cold-drone-silence-focuse-be2trgup.wav,drone,15,15.0,0.0,11.3067,16000,1,16,0.030062,0.155261,0.03377545,False,Male,30-45,Kannada,Karnataka,Bangalore Urban,Post Graduate,Full Time,Education and Research
S0737,S0737_snr_15dB_drone.wav,male_0347.wav,low-dark-drone-holding-oqjhilao.wav,drone,15,15.0,0.0,4.1014,16000,1,16,0.088211,0.435061,0.03683731,False,Male,60+,Marathi,Maharashtra,Solapur,Graduate,Full Time,Healthcare (Medical &amp; Pharma)
S0738,S0738_snr_15dB_drone.wav,male_0828.wav,corridor-reverb--low-dron-bjyhe5l5.wav,drone,15,15.0,-0.0,4.26,16000,1,16,0.01995,0.144911,0.03963272,False,Male,30-45,Dogri,Jammu Kashmir,Jammu,Graduate,Full Time,Technology and Services
S0739,S0739_snr_15dB_drone.wav,male_0231.wav,heavy-lift-industrial-dro-rebmhmlo.wav,drone,15,15.0,0.0,8.1028,16000,1,16,0.071584,0.326222,0.03828931,False,Male,45-60,Telugu,Telangana,Hyderabad,Doctoral (PhD) or higher level,Full Time,Education and Research
S0740,S0740_snr_15dB_drone.wav,male_0254.wav,-suspense-drone-ujtci2ps.wav,drone,15,15.0,0.0,5.0876,16000,1,16,0.082879,0.174763,0.07224073,False,Male,30-45,Maithili,Bihar,Samastipur,Doctoral (PhD) or higher level,Full Time,Education and Research
S0741,S0741_snr_15dB_siren.wav,male_0124.wav,freesound_community-red-alert_nuclear_buzzer-99741 (1).mp3,siren,15,15.0,0.0,3.36,16000,1,16,0.054095,0.168825,0.05232072,False,Male,18-30,Konkani,Goa,South Goa,Post Graduate,Full Time,Technology and Services
S0742,S0742_snr_15dB_siren.wav,male_0463.wav,sound-of-evacuation.mp3,siren,15,15.0,0.0,8.8096,16000,1,16,0.101402,0.054897,0.38111239,False,Male,30-45,Urdu,Gujarat,Ahmedabad,Graduate,Full Time,Technology and Services
S0743,S0743_snr_15dB_siren.wav,male_0530.wav,jeremayjimenez-saudi-arabia-eas-alarm-2024-my-own-alarm-422164.mp3,siren,15,15.0,0.0,3.4285,16000,1,16,0.15315,0.258334,0.10529018,False,Male,30-45,Urdu,Gujarat,Ahmedabad,Graduate,Full Time,Technology and Services
S0744,S0744_snr_15dB_siren.wav,male_0449.wav,ribhavagrawal-alarm-siren-sound-effect-type-03-294204.mp3,siren,15,15.0,0.0,10.0,16000,1,16,0.116459,0.187665,0.11033605,False,Male,18-30,Nepali,West Bengal,Kalimpong,Post Graduate,Part Time,Social service
S0745,S0745_snr_15dB_siren.wav,male_0832.wav,freesound_community-siren-is-low-24105.mp3,siren,15,15.0,0.0,4.1169,16000,1,16,0.156956,0.108617,0.22377753,False,Male,18-30,Nepali,West Bengal,Kalimpong,Post Graduate,Part Time,Social service
S0746,S0746_snr_15dB_siren.wav,male_0972.wav,nuclear-siren-emergency-alarm-ra-music-1-00-11.mp3,siren,15,15.0,0.0,7.32,16000,1,16,0.055408,0.269834,0.03192761,False,Male,18-30,Hindi,Maharashtra,Pune,Under Graduate Student,Freelance,Financial Services (Banking and Insurance)
S0747,S0747_snr_15dB_siren.wav,male_0688.wav,jeremayjimenez-minas-gerais-brazil-eas-alarm-456936.mp3,siren,15,15.0,0.0,6.2994,16000,1,16,0.06242,0.388151,0.02756101,False,Male,45-60,Bodo,Assam,Udalguri,Doctoral (PhD) or higher level,Freelance,Education and Research
S0748,S0748_snr_15dB_siren.wav,male_0845.wav,air-raid-siren.mp3,siren,15,15.0,0.0,3.4675,16000,1,16,0.004922,0.155886,0.00347534,False,Male,30-45,Sindhi,Rajasthan,Ajmer,Post Graduate,Part Time,Government
S0749,S0749_snr_15dB_siren.wav,male_0320.wav,biscuit1960-siren-passing-275127.mp3,siren,15,15.0,0.0,4.0454,16000,1,16,0.144624,0.100529,2.0413499,False,Male,30-45,Urdu,Gujarat,Ahmedabad,Graduate,Full Time,Technology and Services
S0750,S0750_snr_15dB_siren.wav,male_0731.wav,soundreality-civil-defense-siren-128262.mp3,siren,15,15.0,0.0,12.4029,16000,1,16,0.116123,0.24594,0.07723606,False,Male,30-45,Urdu,Gujarat,Ahmedabad,Graduate,Full Time,Technology and Services
S0751,S0751_snr_15dB_siren.wav,male_0206.wav,freesound_community-red-alert_nuclear_buzzer-99741.mp3,siren,15,15.0,0.0,11.1098,16000,1,16,0.021418,0.168825,0.02248374,False,Male,30-45,Malayalam,Kerala,Palakkad,Post Graduate,Full Time,Technology and Services
S0752,S0752_snr_15dB_siren.wav,male_0707.wav,air-raid-siren-wailing-urgent-gfx-sounds-war-air-raid-siren-2-1-0m17s.mp3,siren,15,15.0,0.0,8.74,16000,1,16,0.100498,0.141003,0.12719312,False,Male,18-30,Odia,Odisha,Sundergarh,Post Graduate,Full Time,Education and Research
S0753,S0753_snr_15dB_siren.wav,male_0939.wav,freesound_community-siren_low-78303.mp3,siren,15,15.0,0.0,6.4196,16000,1,16,0.043685,0.08522,0.07736265,False,Male,45-60,Bodo,Assam,Udalguri,Doctoral (PhD) or higher level,Freelance,Education and Research
S0754,S0754_snr_15dB_siren.wav,male_0785.wav,sudden-loud-roar-of-a-h2g7rvgx.wav,siren,15,15.0,0.0,6.0968,16000,1,16,0.1365,0.230879,0.09910981,False,Male,30-45,Urdu,Gujarat,Ahmedabad,Graduate,Full Time,Technology and Services
S0755,S0755_snr_15dB_siren.wav,male_0867.wav,liecio-evacuation-alarm-189740.mp3,siren,15,15.0,0.0,4.2927,16000,1,16,0.123986,0.046021,0.39589842,False,Male,18-30,Urdu,Bihar,Gaya,Graduate,Full Time,Technology and Services
S0756,S0756_snr_15dB_siren.wav,male_0434.wav,Air raid (military siren).mp3,siren,15,15.0,0.0,7.1275,16000,1,16,0.013831,0.117633,0.02109951,False,Male,30-45,Maithili,Bihar,Darbhanga,Post Graduate,Full Time,Education and Research
S0757,S0757_snr_15dB_siren.wav,male_0622.wav,freesound_community-060025_military-alarm-amp-noiseflac-88641.mp3,siren,15,15.0,0.0,10.9152,16000,1,16,0.170109,0.203224,0.15255677,False,Male,18-30,Odia,Odisha,Sundergarh,Post Graduate,Full Time,Education and Research
S0758,S0758_snr_15dB_siren.wav,male_0541.wav,freesound_community-alarm-1-with-reverberation-30031.mp3,siren,15,15.0,0.0,4.9267,16000,1,16,0.017628,0.26212,0.01199773,False,Male,30-45,Maithili,Bihar,Darbhanga,Post Graduate,Full Time,Education and Research
S0759,S0759_snr_15dB_siren.wav,male_0856.wav,jeremayjimenez-ses-1000-air-raid-334949.mp3,siren,15,15.0,0.0,8.8267,16000,1,16,0.109769,0.196388,0.09029107,False,Male,30-45,Gujarati,Gujarat,Sabarkantha,Post Graduate,Part Time,Education and Research
S0760,S0760_snr_15dB_siren.wav,male_0170.wav,scottishperson-sound-effect-ww2-uk-air-raid-siren-164346.mp3,siren,15,15.0,0.0,4.3912,16000,1,16,0.077228,0.032446,0.39825348,False,Male,30-45,Konkani,Goa,North Goa,Post Graduate,Full Time,Education and Research
S0761,S0761_snr_15dB_siren.wav,male_0563.wav,"ElevenLabs_Continuous_danger_siren,_relentless_and_foreboding.mp3",siren,15,15.0,0.0,4.7781,16000,1,16,0.04962,0.049175,0.18908817,False,Male,30-45,Kannada,Karnataka,Bangalore Urban,Post Graduate,Full Time,Education and Research
S0762,S0762_snr_15dB_siren.wav,male_0487.wav,vintage-military-alarm-fx.wav,siren,15,15.0,0.0,10.43,16000,1,16,0.106886,0.121756,0.15858892,False,Male,30-45,Urdu,Gujarat,Ahmedabad,Graduate,Full Time,Technology and Services
S0763,S0763_snr_15dB_siren.wav,male_0676.wav,poorartistt-emergency-alarmsiren-type-01-no-copyright-410303.mp3,siren,15,15.0,0.0,4.2581,16000,1,16,0.027377,0.28749,0.01683699,False,Male,30-45,Kannada,Karnataka,Bangalore Urban,Post Graduate,Full Time,Education and Research
S0764,S0764_snr_15dB_siren.wav,male_0132.wav,mixkit-alert-alarm-1005.wav,siren,15,15.0,0.0,5.7527,16000,1,16,0.143737,0.227398,0.11221023,False,Male,18-30,Gujarati,Gujarat,Sabarkantha,Post Graduate,Full Time,Information and Media
S0765,S0765_snr_15dB_gunshot.wav,male_0129.wav,76.mp3,gunshot,15,15.0,0.0,6.8456,16000,1,16,0.073983,0.074596,0.18784879,False,Male,60+,Assamese,Assam,Biswanath,Post Graduate,Other,Education and Research
S0766,S0766_snr_15dB_gunshot.wav,male_0546.wav,33.mp3,gunshot,15,15.0,0.0,12.1653,16000,1,16,0.088525,0.134623,0.11457335,False,Male,18-30,Nepali,West Bengal,Kalimpong,Post Graduate,Part Time,Social service
S0767,S0767_snr_15dB_gunshot.wav,male_0071.wav,5.mp3,gunshot,15,15.0,0.0,7.5209,16000,1,16,0.130637,0.136467,0.16015501,False,Male,30-45,Malayalam,Kerala,Palakkad,Post Graduate,Full Time,Technology and Services
S0768,S0768_snr_15dB_gunshot.wav,male_0498.wav,7.mp3,gunshot,15,15.0,0.0,3.3003,16000,1,16,0.097471,0.098871,0.18993527,False,Male,60+,Marathi,Maharashtra,Solapur,Graduate,Full Time,Healthcare (Medical &amp; Pharma)
S0769,S0769_snr_15dB_gunshot.wav,male_0750.wav,43.mp3,gunshot,15,15.0,0.0,3.6014,16000,1,16,0.008408,0.040132,0.03391958,False,Male,30-45,Sindhi,Rajasthan,Ajmer,Post Graduate,Part Time,Government
S0770,S0770_snr_15dB_gunshot.wav,male_0088.wav,11.mp3,gunshot,15,15.0,-0.0,11.2867,16000,1,16,0.037944,0.121111,0.05615944,False,Male,60+,Odia,Odisha,Sundergarh,Graduate,Freelance,Education and Research
S0771,S0771_snr_15dB_gunshot.wav,male_0934.wav,8.mp3,gunshot,15,15.0,-0.0,11.1017,16000,1,16,0.055016,0.08942,0.12610837,False,Male,18-30,Konkani,Goa,South Goa,Post Graduate,Full Time,Technology and Services
S0772,S0772_snr_15dB_gunshot.wav,male_0866.wav,a-dark-ambient-slow-build-fvc4fcij.wav,gunshot,15,15.0,0.0,3.7337,16000,1,16,0.149461,0.128999,0.22345751,False,Male,30-45,Urdu,Gujarat,Ahmedabad,Graduate,Full Time,Technology and Services
S0773,S0773_snr_15dB_gunshot.wav,male_0247.wav,low-synth-drone-4nuc5ovz.wav,gunshot,15,15.0,0.0,13.4523,16000,1,16,0.0132,0.272858,0.00872259,False,Male,18-30,Bodo,Assam,Kokrajhar,Post Graduate,Part Time,Education and Research
S0774,S0774_snr_15dB_gunshot.wav,male_0060.wav,41.mp3,gunshot,15,15.0,0.0,3.78,16000,1,16,0.026637,0.360765,0.01425068,False,Male,30-45,Dogri,Jammu Kashmir,Jammu,Graduate,Full Time,Technology and Services
S0775,S0775_snr_15dB_gunshot.wav,male_0246.wav,a-slow-echo-heavy-dark-am-p2jpbtlq.wav,gunshot,15,15.0,0.0,10.3534,16000,1,16,0.104225,0.097367,0.23051815,False,Male,30-45,Marathi,Maharashtra,Raigad,Post Graduate,Full Time,Education and Research
S0776,S0776_snr_15dB_gunshot.wav,male_0315.wav,28.mp3,gunshot,15,15.0,0.0,9.1,16000,1,16,0.041652,0.041871,0.20091213,False,Male,60+,Konkani,Goa,North Goa,Graduate,Full Time,Financial Services (Banking and Insurance)
S0777,S0777_snr_15dB_gunshot.wav,male_0372.wav,62.wav,gunshot,15,15.0,0.0,5.0636,16000,1,16,0.1156,0.067339,0.2581826,False,Male,18-30,Nepali,West Bengal,Kalimpong,Post Graduate,Part Time,Social service
S0778,S0778_snr_15dB_gunshot.wav,male_0809.wav,fire(chosic.com).mp3,gunshot,15,15.0,0.0,9.2073,16000,1,16,0.13515,0.08756,0.2760061,False,Male,18-30,Nepali,West Bengal,Kalimpong,Post Graduate,Part Time,Social service
S0779,S0779_snr_15dB_gunshot.wav,male_0020.wav,"Loud,_sharp_shotgun__#1-1789002028243.mp3",gunshot,15,15.0,0.0,4.2983,16000,1,16,0.080956,0.020781,0.71769738,False,Male,60+,Marathi,Maharashtra,Solapur,Graduate,Full Time,Healthcare (Medical &amp; Pharma)
S0780,S0780_snr_15dB_gunshot.wav,male_0501.wav,23.mp3,gunshot,15,15.0,0.0,9.6335,16000,1,16,0.000896,0.054178,0.00288819,False,Male,45-60,Kashmiri,Jammu Kashmir,Srinagar,Doctoral (PhD) or higher level,Full Time,Education and Research
S0781,S0781_snr_15dB_gunshot.wav,male_0332.wav,23.mp3,gunshot,15,15.0,0.0,3.079,16000,1,16,0.129902,0.054178,0.43255634,False,Male,30-45,Hindi,Gujarat,Vadodara,Post Graduate,Full Time,Information and Media
S0782,S0782_snr_15dB_gunshot.wav,male_0614.wav,29.mp3,gunshot,15,15.0,0.0,15.7635,16000,1,16,0.102101,0.089171,0.19314104,False,Male,45-60,Dogri,Jammu Kashmir,Jammu,Graduate,Full Time,Retail
S0783,S0783_snr_15dB_gunshot.wav,male_0001.wav,55.mp3,gunshot,15,15.0,0.0,6.5406,16000,1,16,0.072158,0.095474,0.13322197,False,Male,45-60,Telugu,Telangana,Hyderabad,Doctoral (PhD) or higher level,Full Time,Education and Research
S0784,S0784_snr_15dB_gunshot.wav,male_0544.wav,16.mp3,gunshot,15,15.0,0.0,6.4666,16000,1,16,0.027282,0.081722,0.05685111,False,Male,18-30,Dogri,Jammu Kashmir,Jammu,Senior Secondary Level at School (10+2),Full Time,Technology and Services
S0785,S0785_snr_15dB_gunshot.wav,male_0553.wav,50.mp3,gunshot,15,15.0,0.0,7.0666,16000,1,16,0.038791,0.08,0.09322762,False,Male,30-45,Maithili,Bihar,Darbhanga,Post Graduate,Full Time,Education and Research
S0786,S0786_snr_15dB_gunshot.wav,male_0166.wav,a-haunting-ambient-electr-xzmvgtzt.wav,gunshot,15,15.0,0.0,5.0271,16000,1,16,0.052141,0.132841,0.05705605,False,Male,18-30,Konkani,Goa,South Goa,Post Graduate,Full Time,Technology and Services
S0787,S0787_snr_15dB_gunshot.wav,male_0799.wav,Loud_shotgun_blast_w_#4-1789002020922.mp3,gunshot,15,15.0,0.0,5.1333,16000,1,16,0.056194,0.262846,0.0383295,False,Male,30-45,Tamil,Karnataka,Bangalore Rural,Doctoral (PhD) or higher level,Full Time,Education and Research
S0788,S0788_snr_15dB_gunshot.wav,male_0383.wav,71.wav,gunshot,15,15.0,0.0,10.8054,16000,1,16,0.090088,0.031439,0.50412661,False,Male,30-45,Dogri,Jammu Kashmir,Jammu,Graduate,Full Time,Technology and Services
S0789,S0789_snr_15dB_helicopter.wav,male_0835.wav,freesound_community-helicopter-beat-47617.mp3,helicopter,15,15.0,0.0,3.1803,16000,1,16,0.020767,0.024734,0.15101293,False,Male,30-45,Maithili,Bihar,Darbhanga,Post Graduate,Full Time,Education and Research
S0790,S0790_snr_15dB_helicopter.wav,male_0974.wav,854493__qubodup__uh60-black-hawk-helicopter-hover-loop-1.wav,helicopter,15,15.0,0.0,7.7611,16000,1,16,0.190902,0.150193,0.22603011,False,Male,30-45,Urdu,Gujarat,Ahmedabad,Graduate,Full Time,Technology and Services
S0791,S0791_snr_15dB_helicopter.wav,male_0895.wav,741812__inspire153__helicopter.wav,helicopter,15,15.0,0.0,9.2886,16000,1,16,0.160235,0.079194,0.34767008,False,Male,30-45,Gujarati,Gujarat,Sabarkantha,Post Graduate,Part Time,Education and Research
S0792,S0792_snr_15dB_helicopter.wav,male_0797.wav,mixkit-cinematic-riser-helicopter-engine-2719.wav,helicopter,15,15.0,0.0,13.6079,16000,1,16,0.118433,0.099033,0.20706544,False,Male,18-30,Bengali,West Bengal,Kolkata,Doctoral (PhD) or higher level,Full Time,Education and Research
S0793,S0793_snr_15dB_helicopter.wav,male_1000.wav,kalsstockmedia-helecopter-slowing-down-and-speeding-looped-341996.mp3,helicopter,15,15.0,0.0,4.8618,16000,1,16,0.092288,0.238348,0.07035826,False,Male,18-30,Odia,Odisha,Sundergarh,Post Graduate,Full Time,Education and Research
S0794,S0794_snr_15dB_helicopter.wav,male_0306.wav,chrysalyn-helicopter-flyby-approaching-and-leaving-537641.mp3,helicopter,15,15.0,0.0,6.0749,16000,1,16,0.126117,0.078348,0.22929793,False,Male,18-30,Odia,Odisha,Sundergarh,Post Graduate,Full Time,Education and Research
S0795,S0795_snr_15dB_helicopter.wav,male_0641.wav,eaglaxle-helicopter-461638.mp3,helicopter,15,15.0,0.0,5.6067,16000,1,16,0.125104,0.019963,0.97847254,False,Male,30-45,Urdu,Gujarat,Ahmedabad,Graduate,Full Time,Technology and Services
S0796,S0796_snr_15dB_helicopter.wav,male_0109.wav,367220__fuseman__helicopter.wav,helicopter,15,15.0,0.0,3.58,16000,1,16,0.03453,0.119075,0.15734521,False,Male,30-45,Dogri,Jammu Kashmir,Jammu,Graduate,Full Time,Technology and Services
S0797,S0797_snr_15dB_helicopter.wav,male_0520.wav,alex_jauk-helicopters-flying-around-background-noises-447147.mp3,helicopter,15,15.0,0.0,4.1204,16000,1,16,0.142579,0.063731,0.21104113,False,Male,30-45,Kashmiri,Jammu Kashmir,Anantnag,Doctoral (PhD) or higher level,Full Time,Education and Research
S0798,S0798_snr_15dB_helicopter.wav,male_0183.wav,freesound_community-helicopter-interior-no-rotor-7086.mp3,helicopter,15,15.0,0.0,14.3909,16000,1,16,0.139528,0.10992,0.22504983,False,Male,18-30,Gujarati,Gujarat,Sabarkantha,Post Graduate,Full Time,Information and Media
S0799,S0799_snr_15dB_helicopter.wav,male_0781.wav,freesound_community-helicopter-pass-chops-distant-urban-180607-26049.mp3,helicopter,15,15.0,0.0,3.0256,16000,1,16,0.059134,0.057246,0.23480758,False,Male,45-60,Tamil,Tamil Nadu,Karur,Post Graduate,Full Time,Information and Media
S0800,S0800_snr_15dB_helicopter.wav,male_0513.wav,freesound_community-helicopter-blades-64590.mp3,helicopter,15,15.0,0.0,5.9319,16000,1,16,0.051764,0.125093,0.07294407,False,Male,30-45,Kannada,Karnataka,Bangalore Urban,Post Graduate,Full Time,Education and Research
S0801,S0801_snr_15dB_helicopter.wav,male_0931.wav,232818__lezaarth__helicopter.wav,helicopter,15,15.0,0.0,5.3747,16000,1,16,0.174265,0.071572,0.42988665,False,Male,30-45,Gujarati,Gujarat,Sabarkantha,Post Graduate,Part Time,Education and Research
S0802,S0802_snr_15dB_helicopter.wav,male_0737.wav,freesound_community-helicopter-74745.mp3,helicopter,15,15.0,0.0,15.4106,16000,1,16,0.078759,0.031578,0.5106937,False,Male,60+,Punjabi,Punjab,Rupnagar,Graduate,Other,Government
S0803,S0803_snr_15dB_helicopter.wav,male_0740.wav,441501__lilmati__trippy-helicopter-rushing-sfx.wav,helicopter,15,15.0,0.0,13.3151,16000,1,16,0.061517,0.106954,0.10128501,False,Male,45-60,Nepali,Meghalaya,Ri Bhoi,Post Graduate,Full Time,Education and Research
S0804,S0804_snr_15dB_helicopter.wav,male_0004.wav,soumages-helicopter-429328.mp3,helicopter,15,15.0,0.0,5.5071,16000,1,16,0.167992,0.193649,0.15375818,False,Male,18-30,Gujarati,Gujarat,Sabarkantha,Post Graduate,Full Time,Information and Media
S0805,S0805_snr_15dB_helicopter.wav,male_0909.wav,gargamel10-helicopter-sound-effect-379744.mp3,helicopter,15,15.0,0.0,11.9845,16000,1,16,0.0021,0.017638,0.02312919,False,Male,45-60,Kashmiri,Jammu Kashmir,Srinagar,Doctoral (PhD) or higher level,Full Time,Education and Research
S0806,S0806_snr_15dB_helicopter.wav,male_0162.wav,freesound_community-la-distant-news-helicopter-01-52519.mp3,helicopter,15,15.0,0.0,14.0301,16000,1,16,0.056433,0.096037,0.0978313,False,Male,30-45,Maithili,Bihar,Samastipur,Doctoral (PhD) or higher level,Full Time,Education and Research
S0807,S0807_snr_15dB_helicopter.wav,male_0446.wav,361663__cell31_sound_productions__military-aircraft-flyovers_multiple-craft.wav,helicopter,15,15.0,0.0,19.4054,16000,1,16,0.040017,0.095931,0.07992677,False,Male,30-45,Maithili,Bihar,Samastipur,Doctoral (PhD) or higher level,Full Time,Education and Research
S0808,S0808_snr_15dB_helicopter.wav,male_0932.wav,"ElevenLabs_A_helicopter_flying_over_a_city,_loud_rotor_blades_chopping_the_air,_engine_whine,_faint_urban_backg.mp3",helicopter,15,15.0,0.0,4.0249,16000,1,16,0.034105,0.131147,0.04538899,False,Male,45-60,Nepali,Meghalaya,Ri Bhoi,Post Graduate,Full Time,Education and Research
S0809,S0809_snr_15dB_helicopter.wav,male_0999.wav,lolo_s-helicopter-474076.mp3,helicopter,15,15.0,0.0,7.32,16000,1,16,0.154067,0.069777,0.39254119,False,Male,18-30,Nepali,West Bengal,Kalimpong,Post Graduate,Part Time,Social service
S0810,S0810_snr_15dB_helicopter.wav,male_0956.wav,thefealdoproject-helicopter-flying-over-245480.mp3,helicopter,15,15.0,-0.0,8.64,16000,1,16,0.040247,0.183686,0.03662217,False,Male,30-45,Maithili,Bihar,Samastipur,Doctoral (PhD) or higher level,Full Time,Education and Research
S0811,S0811_snr_15dB_helicopter.wav,male_0657.wav,magiaz-helicopter-2-331267.mp3,helicopter,15,15.0,0.0,4.3806,16000,1,16,0.014129,0.048978,0.05084011,False,Male,18-30,Bodo,Assam,Kokrajhar,Post Graduate,Part Time,Education and Research
S0812,S0812_snr_15dB_wind.wav,male_0788.wav,soundreality-wind-moutain-sfx-522913.mp3,wind,15,15.0,0.0,5.6511,16000,1,16,0.030874,0.172638,0.03116773,False,Male,30-45,Kannada,Karnataka,Bangalore Urban,Post Graduate,Full Time,Education and Research
S0813,S0813_snr_15dB_wind.wav,male_0900.wav,dragon-studio-harsh-wind-515272.mp3,wind,15,15.0,0.0,4.0423,16000,1,16,0.001282,0.116659,0.00148633,False,Male,45-60,Kashmiri,Jammu Kashmir,Srinagar,Doctoral (PhD) or higher level,Full Time,Education and Research
S0814,S0814_snr_15dB_wind.wav,male_0769.wav,eryliaa-cold-strong-wind-sound-effect-336741.mp3,wind,15,15.0,0.0,7.5603,16000,1,16,0.024692,0.104046,0.04215517,False,Male,30-45,Malayalam,Kerala,Palakkad,Post Graduate,Full Time,Technology and Services
S0815,S0815_snr_15dB_wind.wav,male_0937.wav,capaholiczsfx-heavy-wind-noise-in-the-mountains-and-pine-trees-402291.mp3,wind,15,15.0,0.0,4.82,16000,1,16,0.111884,0.028034,0.89442663,False,Male,18-30,Nepali,West Bengal,Kalimpong,Post Graduate,Part Time,Social service
S0816,S0816_snr_15dB_wind.wav,male_0699.wav,soundreality-wind-winter-mistral-sfx-521892.mp3,wind,15,15.0,0.0,7.5645,16000,1,16,0.099302,0.155457,0.11084113,False,Male,18-30,Urdu,Bihar,Gaya,Graduate,Full Time,Technology and Services
S0817,S0817_snr_15dB_wind.wav,male_0118.wav,jci-21-wind-blowing-sfx-12809.mp3,wind,15,15.0,0.0,10.96,16000,1,16,0.10563,0.079794,0.29420301,False,Male,18-30,Nepali,West Bengal,Kalimpong,Post Graduate,Part Time,Social service
S0818,S0818_snr_15dB_wind.wav,male_0739.wav,dragon-studio-howling-wind-and-snow-extended-515985.mp3,wind,15,15.0,0.0,4.233,16000,1,16,0.144135,0.106005,0.66164245,False,Male,30-45,Malayalam,Kerala,Palakkad,Post Graduate,Full Time,Technology and Services
S0819,S0819_snr_15dB_wind.wav,male_0831.wav,dragon-studio-heavy-windstorm-429227.mp3,wind,15,15.0,0.0,13.52,16000,1,16,0.122984,0.213285,0.11836203,False,Male,18-30,Nepali,West Bengal,Kalimpong,Post Graduate,Part Time,Social service
S0820,S0820_snr_15dB_wind.wav,male_0012.wav,tanweraman-desert-wind-2-350417.mp3,wind,15,15.0,0.0,3.6244,16000,1,16,0.140984,0.044856,0.47997831,False,Male,18-30,Bengali,West Bengal,Kolkata,Doctoral (PhD) or higher level,Full Time,Education and Research
S0821,S0821_snr_15dB_wind.wav,male_0567.wav,sarthakraj_308-heavy-wind-storm-326096.mp3,wind,15,15.0,0.0,3.0742,16000,1,16,0.086088,0.241316,0.51612353,False,Male,30-45,Assamese,Assam,Nagaon,Post Graduate,Full Time,Education and Research
S0822,S0822_snr_15dB_wind.wav,male_0258.wav,soundreality-wind-underground-sfx-522599.mp3,wind,15,15.0,0.0,3.219,16000,1,16,0.057066,0.228371,0.04278311,False,Male,60+,Odia,Odisha,Sundergarh,Graduate,Freelance,Education and Research
S0823,S0823_snr_15dB_wind.wav,male_0542.wav,soundreality-wind-atmosphere-sfx-522603.mp3,wind,15,15.0,0.0,3.6748,16000,1,16,0.010118,0.180686,0.0096311,False,Male,30-45,Sindhi,Rajasthan,Ajmer,Post Graduate,Part Time,Government
S0824,S0824_snr_15dB_wind.wav,male_0480.wav,soundreality-wind-hanger-sfx-522598.mp3,wind,15,15.0,0.0,4.8524,16000,1,16,0.067432,0.152897,0.07724215,False,Male,45-60,Bodo,Assam,Udalguri,Doctoral (PhD) or higher level,Freelance,Education and Research
S0825,S0825_snr_15dB_wind.wav,male_0964.wav,liecio-strong-howling-wind-132281.mp3,wind,15,15.0,0.0,8.8771,16000,1,16,0.010268,0.07223,0.02412643,False,Male,18-30,Bodo,Assam,Kokrajhar,Post Graduate,Part Time,Education and Research
S0826,S0826_snr_15dB_wind.wav,male_0391.wav,dragon-studio-wind-blowing-sfx-04-423680.mp3,wind,15,15.0,0.0,3.3999,16000,1,16,0.117243,0.140174,0.132257,False,Male,18-30,Odia,Odisha,Sundergarh,Post Graduate,Full Time,Education and Research
S0827,S0827_snr_15dB_wind.wav,male_0395.wav,dragon-studio-freezing-winter-wind-499654.mp3,wind,15,15.0,0.0,19.6899,16000,1,16,0.034624,0.116573,0.04920435,False,Male,30-45,Dogri,Jammu Kashmir,Jammu,Graduate,Full Time,Technology and Services
S0828,S0828_snr_15dB_wind.wav,male_0066.wav,ElevenLabs_Wind_noise.mp3,wind,15,15.0,0.0,10.4211,16000,1,16,0.001122,0.05611,0.00316324,False,Male,45-60,Kashmiri,Jammu Kashmir,Srinagar,Doctoral (PhD) or higher level,Full Time,Education and Research
S0829,S0829_snr_15dB_wind.wav,male_0611.wav,dragon-studio-haunting-wind-515270.mp3,wind,15,15.0,0.0,3.3675,16000,1,16,0.006987,0.072564,0.01504902,False,Male,30-45,Sindhi,Rajasthan,Ajmer,Post Graduate,Part Time,Government
S0830,S0830_snr_15dB_wind.wav,male_0957.wav,nematoki-winter-wind-305577.mp3,wind,15,15.0,0.0,6.6285,16000,1,16,0.085648,0.049446,0.52058121,False,Male,30-45,Hindi,Gujarat,Vadodara,Post Graduate,Full Time,Information and Media
S0831,S0831_snr_15dB_wind.wav,male_0697.wav,dragon-studio-winter-wind-402331.mp3,wind,15,15.0,0.0,11.8029,16000,1,16,0.098999,0.082098,0.20141578,False,Male,18-30,Nepali,West Bengal,Kalimpong,Post Graduate,Part Time,Social service
S0832,S0832_snr_15dB_wind.wav,male_0812.wav,loswin23-strong-gusting-wind-537714.mp3,wind,15,15.0,0.0,13.8242,16000,1,16,0.113976,0.099417,0.20698249,False,Male,18-30,Nepali,West Bengal,Kalimpong,Post Graduate,Part Time,Social service
S0833,S0833_snr_15dB_wind.wav,male_0959.wav,spinopel-high-wind-281253.mp3,wind,15,15.0,0.0,6.67,16000,1,16,0.108908,0.091502,0.22386235,False,Male,18-30,Odia,Odisha,Sundergarh,Post Graduate,Full Time,Education and Research
S0834,S0834_snr_15dB_wind.wav,male_0643.wav,ElevenLabs_Wind.mp3,wind,15,15.0,0.0,3.8304,16000,1,16,0.174927,0.044386,0.64935445,False,Male,18-30,Nepali,West Bengal,Kalimpong,Post Graduate,Part Time,Social service
S0835,S0835_snr_20dB_armored_vehicle.wav,male_0157.wav,started-engine-of-military-equipment.mp3,armored_vehicle,20,20.0,0.0,5.5429,16000,1,16,0.064971,0.259224,0.02415395,False,Male,30-45,Maithili,Bihar,Samastipur,Doctoral (PhD) or higher level,Full Time,Education and Research
S0836,S0836_snr_20dB_armored_vehicle.wav,male_0113.wav,the-tank-passes-the-sounds-of-caterpillars.mp3,armored_vehicle,20,20.0,0.0,5.163,16000,1,16,0.07139,0.04002,0.76895571,False,Male,45-60,Kannada,Karnataka,Shimoga,Post Graduate,Other,Manufacturing
S0837,S0837_snr_20dB_armored_vehicle.wav,male_0049.wav,chrysalyn-bus-starting-engine-and-driving-away-sound-effect-538184.mp3,armored_vehicle,20,20.0,0.0,16.2711,16000,1,16,0.132899,0.219868,0.06373302,False,Male,30-45,Urdu,Gujarat,Ahmedabad,Graduate,Full Time,Technology and Services
S0838,S0838_snr_20dB_armored_vehicle.wav,male_0774.wav,182793__qubodup__military-vehicle-humming.flac,armored_vehicle,20,20.0,0.0,5.8232,16000,1,16,0.090448,0.172256,0.05312423,False,Male,18-30,Odia,Odisha,Sundergarh,Post Graduate,Full Time,Education and Research
S0839,S0839_snr_20dB_armored_vehicle.wav,male_0094.wav,magiaz-war_tank-481284.mp3,armored_vehicle,20,20.0,0.0,17.3141,16000,1,16,0.133568,0.175346,0.07562155,False,Male,30-45,Urdu,Gujarat,Ahmedabad,Graduate,Full Time,Technology and Services
S0840,S0840_snr_20dB_armored_vehicle.wav,male_0506.wav,"Tank column, the movement of a group of tanks (1).mp3",armored_vehicle,20,20.0,0.0,6.0168,16000,1,16,0.009689,0.146627,0.00457631,False,Male,30-45,Sindhi,Rajasthan,Ajmer,Post Graduate,Part Time,Government
S0841,S0841_snr_20dB_armored_vehicle.wav,male_0522.wav,Movement of tank with creaking of caterpillars.mp3,armored_vehicle,20,20.0,0.0,6.352,16000,1,16,0.029373,0.086091,0.03282018,False,Male,18-30,Dogri,Jammu Kashmir,Jammu,Senior Secondary Level at School (10+2),Full Time,Technology and Services
S0842,S0842_snr_20dB_armored_vehicle.wav,male_0142.wav,freesound_community-military-vehicle-humming-33760 (1).mp3,armored_vehicle,20,20.0,-0.0,8.5007,16000,1,16,0.064327,0.155391,0.04143198,False,Male,45-60,Telugu,Telangana,Hyderabad,Doctoral (PhD) or higher level,Full Time,Education and Research
S0843,S0843_snr_20dB_armored_vehicle.wav,male_0882.wav,freesound_community-2019-09-ww-ii-army-trucks-mixdown-waalre-52297.mp3,armored_vehicle,20,20.0,0.0,9.1675,16000,1,16,0.068397,0.066907,0.22343478,False,Male,30-45,Maithili,Bihar,Samastipur,Doctoral (PhD) or higher level,Full Time,Education and Research
S0844,S0844_snr_20dB_armored_vehicle.wav,male_0926.wav,the-sound-of-pouring-liquid-from-a-tank-truck.mp3,armored_vehicle,20,20.0,0.0,8.6212,16000,1,16,0.053866,0.353508,0.01517869,False,Male,30-45,Tamil,Karnataka,Bangalore Rural,Doctoral (PhD) or higher level,Full Time,Education and Research
S0845,S0845_snr_20dB_armored_vehicle.wav,male_0409.wav,magiaz-guerra-434777.mp3,armored_vehicle,20,20.0,0.0,7.8012,16000,1,16,0.066484,0.043261,0.16475734,False,Male,18-30,Konkani,Goa,South Goa,Post Graduate,Full Time,Technology and Services
S0846,S0846_snr_20dB_armored_vehicle.wav,male_0598.wav,lesiakower-diesel-engine-idle-bus-engine-idling-408780.mp3,armored_vehicle,20,20.0,0.0,9.0,16000,1,16,0.050084,0.168971,0.02947697,False,Male,60+,Konkani,Goa,North Goa,Graduate,Full Time,Financial Services (Banking and Insurance)
S0847,S0847_snr_20dB_armored_vehicle.wav,male_0439.wav,"1914-18_ tank starts, drives off and roars at speed.mp3",armored_vehicle,20,20.0,0.0,5.9184,16000,1,16,0.074235,0.082511,0.16232582,False,Male,30-45,Dogri,Jammu Kashmir,Jammu,Graduate,Full Time,Technology and Services
S0848,S0848_snr_20dB_armored_vehicle.wav,male_0599.wav,mixkit-very-old-war-tank-2756.wav,armored_vehicle,20,20.0,0.0,8.0,16000,1,16,0.077797,0.08289,0.09800796,False,Male,18-30,Nepali,West Bengal,Kalimpong,Post Graduate,Part Time,Social service
S0849,S0849_snr_20dB_armored_vehicle.wav,male_0765.wav,tracked-tank-rides-metal-grinding.mp3,armored_vehicle,20,20.0,0.0,4.7,16000,1,16,0.10649,0.083532,0.11101066,False,Male,30-45,Hindi,Gujarat,Vadodara,Post Graduate,Full Time,Information and Media
S0850,S0850_snr_20dB_armored_vehicle.wav,male_0270.wav,Tank in motion_ creaking and grinding of caterpillars.mp3,armored_vehicle,20,20.0,0.0,5.4039,16000,1,16,0.108116,0.109602,0.09226267,False,Male,45-60,Urdu,Gujarat,Ahmedabad,Diploma Holder,Other,Government
S0851,S0851_snr_20dB_armored_vehicle.wav,male_0552.wav,magiaz-war_tank-481278.mp3,armored_vehicle,20,20.0,0.0,4.8123,16000,1,16,0.046845,0.186773,0.02450793,False,Male,18-30,Assamese,Assam,Lakhimpur,Post Graduate,Full Time,Technology and Services
S0852,S0852_snr_20dB_armored_vehicle.wav,male_0975.wav,freesound_community-tracked-vehicle-91010.mp3,armored_vehicle,20,20.0,0.0,8.3,16000,1,16,0.09911,0.119053,0.08185243,False,Male,18-30,Nepali,West Bengal,Kalimpong,Post Graduate,Part Time,Social service
S0853,S0853_snr_20dB_armored_vehicle.wav,male_0763.wav,mixkit-tank-engine-working-2753.wav,armored_vehicle,20,20.0,0.0,25.4898,16000,1,16,0.090364,0.048874,0.18294481,False,Male,30-45,Urdu,Gujarat,Ahmedabad,Graduate,Full Time,Technology and Services
S0854,S0854_snr_20dB_armored_vehicle.wav,male_0253.wav,Military armored personnel carrier approaching and passing by (2).mp3,armored_vehicle,20,20.0,0.0,3.04,16000,1,16,0.081206,0.041701,0.13717022,False,Male,18-30,Konkani,Goa,South Goa,Post Graduate,Full Time,Technology and Services
S0855,S0855_snr_20dB_armored_vehicle.wav,male_0993.wav,articbay-vehicle-idle-start-190010.mp3,armored_vehicle,20,20.0,0.0,22.9758,16000,1,16,0.031389,0.044715,0.06900681,False,Male,18-30,Kashmiri,Jammu Kashmir,Srinagar,Post Graduate,Other,Education and Research
S0856,S0856_snr_20dB_armored_vehicle.wav,male_0272.wav,1914-18_ inside the tank.mp3,armored_vehicle,20,20.0,0.0,4.6294,16000,1,16,0.083518,0.170514,0.04947371,False,Male,45-60,Malayalam,Kerala,Pathanamthitta,Graduate,Full Time,Government
S0857,S0857_snr_20dB_armored_vehicle.wav,male_0147.wav,the-sound-of-a-tanker-truck-being-pumped-out.mp3,armored_vehicle,20,20.0,0.0,7.8454,16000,1,16,0.042381,0.296614,0.01375778,False,Male,60+,Assamese,Assam,Biswanath,Post Graduate,Other,Education and Research
S0858,S0858_snr_20dB_armored_vehicle.wav,male_0470.wav,mixkit-truck-accelerating-1617.wav,armored_vehicle,20,20.0,0.0,3.9085,16000,1,16,0.015939,0.146757,0.01155213,False,Male,18-30,Kannada,Karnataka,Bangalore Urban,Graduate,Part Time,Information and Media
S0859,S0859_snr_20dB_artillery.wav,male_0659.wav,vishiv-futuristic-bloom-laser-gun-effects-435016 (2).mp3,artillery,20,20.0,0.0,4.9694,16000,1,16,0.051593,0.130688,0.03073077,False,Male,18-30,Konkani,Goa,South Goa,Post Graduate,Full Time,Technology and Services
S0860,S0860_snr_20dB_artillery.wav,male_0406.wav,vishiv-futuristic-laser-gun-effects-pack-1-435013.mp3,artillery,20,20.0,0.0,26.4312,16000,1,16,0.07651,0.078626,0.092819,False,Male,18-30,Konkani,Goa,South Goa,Post Graduate,Full Time,Technology and Services
S0861,S0861_snr_20dB_artillery.wav,male_0512.wav,freesound_community-cannon-100972.mp3,artillery,20,20.0,0.0,9.7885,16000,1,16,0.094008,0.365102,0.02538973,False,Male,18-30,Nepali,West Bengal,Kalimpong,Post Graduate,Part Time,Social service
S0862,S0862_snr_20dB_artillery.wav,male_0672.wav,magiazzz-cannon_shot_1-1782958714819-560881.mp3,artillery,20,20.0,0.0,3.6901,16000,1,16,0.033249,0.182335,0.06454912,False,Male,18-30,Dogri,Jammu Kashmir,Jammu,Senior Secondary Level at School (10+2),Full Time,Technology and Services
S0863,S0863_snr_20dB_artillery.wav,male_0218.wav,magiaz-tank_gunfire-496052.mp3,artillery,20,20.0,0.0,23.0961,16000,1,16,0.015846,0.078435,0.02162158,False,Male,30-45,Maithili,Bihar,Sitamarhi,Graduate,Part Time,Education and Research
S0864,S0864_snr_20dB_artillery.wav,male_0323.wav,trading_nation-distorted-impact-explosion-185554.mp3,artillery,20,20.0,0.0,5.5476,16000,1,16,0.105138,0.090196,0.12952138,False,Male,30-45,Gujarati,Gujarat,Sabarkantha,Post Graduate,Part Time,Education and Research
S0865,S0865_snr_20dB_artillery.wav,male_0736.wav,freesound_community-bit-cannon-85932 (1).mp3,artillery,20,20.0,0.0,9.0388,16000,1,16,0.026555,0.336872,0.00798397,False,Male,18-30,Dogri,Jammu Kashmir,Jammu,Senior Secondary Level at School (10+2),Full Time,Technology and Services
S0866,S0866_snr_20dB_artillery.wav,male_0581.wav,freesound_community-boom-2-103151.mp3,artillery,20,20.0,0.0,5.0689,16000,1,16,0.091029,0.085796,0.11788173,False,Male,30-45,Bodo,Assam,Kokrajhar,Post Graduate,Other,Education and Research
S0867,S0867_snr_20dB_artillery.wav,male_0217.wav,universfield-cannon-shot-352459.mp3,artillery,20,20.0,0.0,7.6388,16000,1,16,0.172969,0.088168,0.19565465,False,Male,18-30,Gujarati,Gujarat,Sabarkantha,Post Graduate,Full Time,Information and Media
S0868,S0868_snr_20dB_artillery.wav,male_0068.wav,freesound_community-cannon-fodder-v2-morphagene-reel-by-mudlogger-16930.mp3,artillery,20,20.0,0.0,6.0,16000,1,16,0.065293,0.043125,0.17564582,False,Male,45-60,Malayalam,Kerala,Pathanamthitta,Graduate,Full Time,Government
S0869,S0869_snr_20dB_artillery.wav,male_0275.wav,freesound_community-incoming-mortar-3-86033.mp3,artillery,20,20.0,0.0,12.1661,16000,1,16,0.030855,0.255451,0.01215883,False,Male,30-45,Maithili,Bihar,Darbhanga,Post Graduate,Full Time,Education and Research
S0870,S0870_snr_20dB_artillery.wav,male_0411.wav,soundtaker-heavy-shot-sound-477215 (2).mp3,artillery,20,20.0,-0.0,7.3133,16000,1,16,0.107578,0.162408,0.11707463,False,Male,30-45,Urdu,Gujarat,Ahmedabad,Graduate,Full Time,Technology and Services
S0871,S0871_snr_20dB_artillery.wav,male_0324.wav,kuzu420-pow-with-echo-280695.mp3,artillery,20,20.0,0.0,3.6601,16000,1,16,0.052051,0.030758,0.20891433,False,Male,18-30,Konkani,Goa,South Goa,Post Graduate,Full Time,Technology and Services
S0872,S0872_snr_20dB_artillery.wav,male_0825.wav,adamsmith3-war-sound-effect-179574.mp3,artillery,20,20.0,0.0,3.7571,16000,1,16,0.119406,0.175142,0.07519414,False,Male,30-45,Hindi,Gujarat,Vadodara,Post Graduate,Full Time,Information and Media
S0873,S0873_snr_20dB_artillery.wav,male_0983.wav,freesound_community-tribute-cannon-104430 (1).mp3,artillery,20,20.0,0.0,4.814,16000,1,16,0.045425,0.05706,5.06095912,False,Male,30-45,Bodo,Assam,Kokrajhar,Post Graduate,Other,Education and Research
S0874,S0874_snr_20dB_artillery.wav,male_0842.wav,freesound_community-21-gun-salute-25444.mp3,artillery,20,20.0,-0.0,5.0401,16000,1,16,0.103819,0.093145,0.1045173,False,Male,18-30,Odia,Odisha,Sundergarh,Post Graduate,Full Time,Education and Research
S0875,S0875_snr_20dB_artillery.wav,male_0235.wav,freesound_community-telskuf_iraq_gun-82882.mp3,artillery,20,20.0,0.0,3.0597,16000,1,16,0.054162,0.067198,0.07228861,False,Male,45-60,Malayalam,Kerala,Pathanamthitta,Graduate,Full Time,Government
S0876,S0876_snr_20dB_artillery.wav,male_0058.wav,universfield-cannon-shot-326182.mp3,artillery,20,20.0,0.0,6.3986,16000,1,16,0.011349,0.115261,0.00978445,False,Male,18-30,Bodo,Assam,Kokrajhar,Post Graduate,Part Time,Education and Research
S0877,S0877_snr_20dB_artillery.wav,male_0795.wav,ejah_music-cannon-blast-with-reverb-378282.mp3,artillery,20,20.0,0.0,3.1617,16000,1,16,0.067022,0.116544,0.10587235,False,Male,30-45,Tamil,Karnataka,Bangalore Rural,Doctoral (PhD) or higher level,Full Time,Education and Research
S0878,S0878_snr_20dB_artillery.wav,male_0787.wav,magiaz-tiro_de_canhao-397924.mp3,artillery,20,20.0,0.0,3.5655,16000,1,16,0.113337,0.031031,0.76894763,False,Male,30-45,Bodo,Assam,Kokrajhar,Post Graduate,Other,Education and Research
S0879,S0879_snr_20dB_artillery.wav,male_0864.wav,freesound_community-cannon_charge_mac-82081.mp3,artillery,20,20.0,0.0,10.3936,16000,1,16,0.009152,0.070122,0.01258862,False,Male,18-30,Bodo,Assam,Kokrajhar,Post Graduate,Part Time,Education and Research
S0880,S0880_snr_20dB_artillery.wav,male_0333.wav,magiaz-canhao-397921.mp3,artillery,20,20.0,0.0,3.2591,16000,1,16,0.020344,0.028278,0.09011226,False,Male,18-30,Dogri,Jammu Kashmir,Jammu,Senior Secondary Level at School (10+2),Full Time,Technology and Services
S0881,S0881_snr_20dB_artillery.wav,male_0702.wav,freesound_community-explosion-36210.mp3,artillery,20,20.0,0.0,5.48,16000,1,16,0.115259,0.273704,0.04180008,False,Male,45-60,Kannada,Karnataka,Shimoga,Post Graduate,Other,Manufacturing
S0882,S0882_snr_20dB_artillery.wav,male_0225.wav,freesound_community-laser-cannon-02-33201 (1).mp3,artillery,20,20.0,0.0,3.0013,16000,1,16,0.135297,0.065798,0.18599,False,Male,30-45,Kannada,Karnataka,Shimoga,Post Graduate,Full Time,Education and Research
S0883,S0883_snr_20dB_drone.wav,male_0571.wav,sudden-sharp-sting-silent-s4g2uv4n.wav,drone,20,20.0,-0.0,6.3487,16000,1,16,0.105337,0.148043,0.05690395,False,Male,30-45,Malayalam,Kerala,Palakkad,Post Graduate,Full Time,Technology and Services
S0884,S0884_snr_20dB_drone.wav,male_0705.wav,dark-ambient-drone-with-r-jsf774r3.wav,drone,20,20.0,0.0,4.72,16000,1,16,0.107524,0.150941,0.08958671,False,Male,18-30,Nepali,West Bengal,Kalimpong,Post Graduate,Part Time,Social service
S0885,S0885_snr_20dB_drone.wav,male_0656.wav,slow-rising-narrowband-dr-2n4qqn7s.wav,drone,20,20.0,0.0,8.3457,16000,1,16,0.182045,0.10869,0.15648506,False,Male,18-30,Gujarati,Gujarat,Sabarkantha,Post Graduate,Full Time,Information and Media
S0886,S0886_snr_20dB_drone.wav,male_0277.wav,dark-warm-atmospheric-dro-jtao2ekl.wav,drone,20,20.0,0.0,5.0607,16000,1,16,0.093747,0.133116,0.05487555,False,Male,60+,Marathi,Maharashtra,Solapur,Graduate,Full Time,Healthcare (Medical &amp; Pharma)
S0887,S0887_snr_20dB_drone.wav,male_0389.wav,soft-ambient-drone-in-dve-n4kpzwqx.wav,drone,20,20.0,0.0,6.02,16000,1,16,0.056407,0.160558,0.03234116,False,Male,60+,Assamese,Assam,Biswanath,Post Graduate,Other,Education and Research
S0888,S0888_snr_20dB_drone.wav,male_0474.wav,low-hollow-drone--subtle-ydfs2sei.wav,drone,20,20.0,0.0,4.3734,16000,1,16,0.031906,0.23906,0.01273574,False,Male,45-60,Bodo,Assam,Udalguri,Doctoral (PhD) or higher level,Freelance,Education and Research
S0889,S0889_snr_20dB_drone.wav,male_0168.wav,low-sub-drone-uudnptdc.wav,drone,20,20.0,0.0,11.2,16000,1,16,0.093392,0.403872,0.02295606,False,Male,18-30,Nepali,West Bengal,Kalimpong,Post Graduate,Part Time,Social service
S0890,S0890_snr_20dB_drone.wav,male_0995.wav,se_qnumchpjlakzyvc4.wav,drone,20,20.0,0.0,9.097,16000,1,16,0.057026,0.067073,0.08525126,False,Male,30-45,Dogri,Jammu Kashmir,Jammu,Graduate,Full Time,Technology and Services
S0891,S0891_snr_20dB_drone.wav,male_0747.wav,tanpura-sound-with-drone--3rcrcstr.wav,drone,20,20.0,0.0,7.6667,16000,1,16,0.1389,0.137231,0.09380427,False,Male,30-45,Urdu,Gujarat,Ahmedabad,Graduate,Full Time,Technology and Services
S0892,S0892_snr_20dB_drone.wav,male_0547.wav,fpv-drone-sound-rwi7jhtn.wav,drone,20,20.0,0.0,7.5544,16000,1,16,0.072833,0.225763,0.03221957,False,Male,45-60,Tamil,Tamil Nadu,Karur,Post Graduate,Full Time,Information and Media
S0893,S0893_snr_20dB_drone.wav,male_0176.wav,cold-drone--chorus-whispe-tyxr4vcq.wav,drone,20,20.0,0.0,6.9003,16000,1,16,0.069002,0.143222,0.04795148,False,Male,60+,Marathi,Maharashtra,Solapur,Graduate,Full Time,Healthcare (Medical &amp; Pharma)
S0894,S0894_snr_20dB_drone.wav,male_0908.wav,generate-a-continuous-sof-562ee4bf.wav,drone,20,20.0,0.0,11.9462,16000,1,16,0.103075,0.177755,0.05824513,False,Male,18-30,Odia,Odisha,Sundergarh,Post Graduate,Full Time,Education and Research
S0895,S0895_snr_20dB_drone.wav,male_0624.wav,se_sxj5p7qluae4c5bc.wav,drone,20,20.0,0.0,6.1116,16000,1,16,0.184575,0.244003,0.06939319,False,Male,18-30,Gujarati,Gujarat,Sabarkantha,Post Graduate,Full Time,Information and Media
S0896,S0896_snr_20dB_drone.wav,male_0074.wav,paisagens-sonoras-sombria-z2rvbntw.wav,drone,20,20.0,0.0,14.8696,16000,1,16,0.019413,0.095198,0.0177027,False,Male,30-45,Dogri,Jammu Kashmir,Jammu,Graduate,Full Time,Technology and Services
S0897,S0897_snr_20dB_drone.wav,male_0664.wav,se_nwermp3wifo5crx6.wav,drone,20,20.0,0.0,5.4867,16000,1,16,0.139532,0.172925,0.070169,False,Male,45-60,Nepali,Meghalaya,Ri Bhoi,Post Graduate,Full Time,Education and Research
S0898,S0898_snr_20dB_drone.wav,male_0700.wav,fpv-drone-noise-coming-pa-57d24j2y.wav,drone,20,20.0,0.0,24.3773,16000,1,16,0.081585,0.160595,0.04938855,False,Male,60+,Punjabi,Punjab,Rupnagar,Graduate,Other,Government
S0899,S0899_snr_20dB_drone.wav,male_0971.wav,male-drone-voice-resonati-ik5netb2.wav,drone,20,20.0,0.0,3.5414,16000,1,16,0.158559,0.086822,0.15026854,False,Male,45-60,Nepali,Meghalaya,Ri Bhoi,Post Graduate,Full Time,Education and Research
S0900,S0900_snr_20dB_drone.wav,male_0274.wav,low-eerie-drone-evaucfte.wav,drone,20,20.0,0.0,5.0838,16000,1,16,0.129266,0.170054,0.07006477,False,Male,30-45,Urdu,Gujarat,Ahmedabad,Graduate,Full Time,Technology and Services
S0901,S0901_snr_20dB_drone.wav,male_0687.wav,drone-sound-66wdpczq.wav,drone,20,20.0,0.0,5.1491,16000,1,16,0.040059,0.354652,0.01063697,False,Male,30-45,Maithili,Bihar,Darbhanga,Post Graduate,Full Time,Education and Research
S0902,S0902_snr_20dB_drone.wav,male_0215.wav,dense-atmospheric-drone-l-g2u34xb7.wav,drone,20,20.0,0.0,3.5195,16000,1,16,0.192083,0.219424,0.07366737,False,Male,18-30,Gujarati,Gujarat,Sabarkantha,Post Graduate,Full Time,Information and Media
S0903,S0903_snr_20dB_drone.wav,male_0364.wav,heavy-low-drone--very-enza5k22.wav,drone,20,20.0,0.0,4.5014,16000,1,16,0.079061,0.413663,0.01926299,False,Male,60+,Marathi,Maharashtra,Solapur,Graduate,Full Time,Healthcare (Medical &amp; Pharma)
S0904,S0904_snr_20dB_drone.wav,male_0380.wav,dynamic-glitch-drone-with-uos55kwj.wav,drone,20,20.0,0.0,3.44,16000,1,16,0.098763,0.194053,0.05051423,False,Male,18-30,Nepali,West Bengal,Kalimpong,Post Graduate,Part Time,Social service
S0905,S0905_snr_20dB_drone.wav,male_0167.wav,low-rumble-drone-ics5zs5q.wav,drone,20,20.0,0.0,4.7944,16000,1,16,0.116586,0.596496,0.01942556,False,Male,30-45,Dogri,Jammu Kashmir,Jammu,Graduate,Full Time,Technology and Services
S0906,S0906_snr_20dB_drone.wav,male_0374.wav,se_bxcffarajo3z4kxy.wav,drone,20,20.0,0.0,7.1636,16000,1,16,0.031213,0.122907,0.08602585,False,Male,30-45,Kannada,Karnataka,Bangalore Urban,Post Graduate,Full Time,Education and Research
S0907,S0907_snr_20dB_siren.wav,male_0855.wav,emergency-siren-long-mechanical-wave-1-1-00-29.mp3,siren,20,20.0,0.0,4.884,16000,1,16,0.083661,0.02864,0.92794386,False,Male,60+,Marathi,Maharashtra,Solapur,Graduate,Full Time,Healthcare (Medical &amp; Pharma)
S0908,S0908_snr_20dB_siren.wav,male_0651.wav,death_star_alarm.mp3,siren,20,20.0,0.0,4.5873,16000,1,16,0.093788,0.178704,0.05930423,False,Male,30-45,Kashmiri,Jammu Kashmir,Anantnag,Doctoral (PhD) or higher level,Full Time,Education and Research
S0909,S0909_snr_20dB_siren.wav,male_0465.wav,dragon-studio-nuclear-alarm-386177.mp3,siren,20,20.0,0.0,4.3494,16000,1,16,0.106272,0.058954,0.17432966,False,Male,18-30,Odia,Odisha,Sundergarh,Post Graduate,Full Time,Education and Research
S0910,S0910_snr_20dB_siren.wav,male_0955.wav,nuclear_warning_alar_#1-1789013019213.mp3,siren,20,20.0,-0.0,10.0659,16000,1,16,0.018004,0.210626,0.00853813,False,Male,18-30,Dogri,Jammu Kashmir,Jammu,Senior Secondary Level at School (10+2),Full Time,Technology and Services
S0911,S0911_snr_20dB_siren.wav,male_0948.wav,siren-military-alarm.wav,siren,20,20.0,0.0,7.0339,16000,1,16,0.046337,0.207352,0.02406512,False,Male,18-30,Dogri,Jammu Kashmir,Jammu,Senior Secondary Level at School (10+2),Full Time,Technology and Services
S0912,S0912_snr_20dB_siren.wav,male_0104.wav,"Loud,_piercing_war_a_#2-1789013159870.mp3",siren,20,20.0,0.0,6.0729,16000,1,16,0.156407,0.163568,0.09620022,False,Male,45-60,Nepali,Meghalaya,Ri Bhoi,Post Graduate,Full Time,Education and Research
S0913,S0913_snr_20dB_siren.wav,male_0888.wav,jeremayjimenez-austria-eas-alarm-486289.mp3,siren,20,20.0,0.0,8.2732,16000,1,16,0.099016,0.168409,0.05750754,False,Male,30-45,Maithili,Bihar,Samastipur,Doctoral (PhD) or higher level,Full Time,Education and Research
S0914,S0914_snr_20dB_siren.wav,male_0979.wav,war-alarm-sound-long.mp3,siren,20,20.0,0.0,5.9756,16000,1,16,0.083326,0.132944,0.05849244,False,Male,45-60,Telugu,Telangana,Hyderabad,Doctoral (PhD) or higher level,Full Time,Education and Research
S0915,S0915_snr_20dB_siren.wav,male_0876.wav,freesound_community-siren_short_low-78304.mp3,siren,20,20.0,0.0,9.755,16000,1,16,0.166592,0.051703,0.23270001,False,Male,18-30,Odia,Odisha,Sundergarh,Post Graduate,Full Time,Education and Research
S0916,S0916_snr_20dB_siren.wav,male_0082.wav,the-sound-of-an-air-raid-siren.mp3,siren,20,20.0,0.0,3.7896,16000,1,16,0.093407,0.052361,0.09428251,False,Male,45-60,Malayalam,Kerala,Pathanamthitta,Graduate,Full Time,Government
S0917,S0917_snr_20dB_siren.wav,male_0297.wav,matthewvakaliuk73627-russia-eas-alarm-alt-298272.mp3,siren,20,20.0,0.0,6.9341,16000,1,16,0.042324,0.141537,0.0276176,False,Male,30-45,Kannada,Karnataka,Bangalore Urban,Post Graduate,Full Time,Education and Research
S0918,S0918_snr_20dB_siren.wav,male_0792.wav,11325622-air-raid-siren-sound-effect-241383.mp3,siren,20,20.0,0.0,3.3956,16000,1,16,0.009988,0.068735,0.1009033,False,Male,18-30,Bodo,Assam,Kokrajhar,Post Graduate,Part Time,Education and Research
S0919,S0919_snr_20dB_siren.wav,male_0234.wav,dennish18-military-alarm-129017.mp3,siren,20,20.0,0.0,8.5995,16000,1,16,0.036211,0.155877,0.02071112,False,Male,45-60,Bodo,Assam,Udalguri,Doctoral (PhD) or higher level,Freelance,Education and Research
S0920,S0920_snr_20dB_siren.wav,male_0678.wav,jeremayjimenez-greece-eas-alarm-451404.mp3,siren,20,20.0,0.0,9.8274,16000,1,16,0.071422,0.110197,0.06458777,False,Male,45-60,Urdu,Gujarat,Ahmedabad,Diploma Holder,Other,Government
S0921,S0921_snr_20dB_siren.wav,male_0047.wav,96973__kizilsungur__military_alarm.wav,siren,20,20.0,0.0,3.7799,16000,1,16,0.118007,0.156214,0.05732697,False,Male,30-45,Marathi,Maharashtra,Raigad,Post Graduate,Full Time,Education and Research
S0922,S0922_snr_20dB_siren.wav,male_0072.wav,military_base_alarm_#1-1789013105690.mp3,siren,20,20.0,0.0,3.3403,16000,1,16,0.071503,0.182493,0.04123429,False,Male,60+,Odia,Odisha,Sundergarh,Graduate,Freelance,Education and Research
S0923,S0923_snr_20dB_siren.wav,male_0722.wav,freesound_community-siren-alert-96052.mp3,siren,20,20.0,0.0,3.9881,16000,1,16,0.068932,0.142105,0.04863318,False,Male,30-45,Kashmiri,Jammu Kashmir,Anantnag,Doctoral (PhD) or higher level,Full Time,Education and Research
S0924,S0924_snr_20dB_siren.wav,male_0197.wav,jeremayjimenez-austria-eas-alarm-486289 (1).mp3,siren,20,20.0,0.0,6.698,16000,1,16,0.077778,0.168409,0.04294515,False,Male,30-45,Bengali,West Bengal,Kolkata,Graduate,Freelance,Entertainment
S0925,S0925_snr_20dB_siren.wav,male_0592.wav,mixkit-vintage-manual-fire-siren-1651.wav,siren,20,20.0,0.0,29.6965,16000,1,16,0.102759,0.168668,0.0661036,False,Male,18-30,Bengali,West Bengal,Kolkata,Doctoral (PhD) or higher level,Full Time,Education and Research
S0926,S0926_snr_20dB_siren.wav,male_0371.wav,scary-alarm-siren-fx_7bpm.wav,siren,20,20.0,0.0,6.8074,16000,1,16,0.017942,0.203181,0.00793792,False,Male,18-30,Dogri,Jammu Kashmir,Jammu,Senior Secondary Level at School (10+2),Full Time,Technology and Services
S0927,S0927_snr_20dB_siren.wav,male_0883.wav,freesound_community-alarm-26718.mp3,siren,20,20.0,0.0,6.8304,16000,1,16,0.046532,0.328799,0.01316355,False,Male,30-45,Maithili,Bihar,Samastipur,Doctoral (PhD) or higher level,Full Time,Education and Research
S0928,S0928_snr_20dB_siren.wav,male_0907.wav,classic-london-siren-alarm-fx_78bpm.wav,siren,20,20.0,0.0,11.2366,16000,1,16,0.12468,0.162917,0.0787193,False,Male,18-30,Gujarati,Gujarat,Sabarkantha,Post Graduate,Full Time,Information and Media
S0929,S0929_snr_20dB_siren.wav,male_0634.wav,lazychillzone-air-raid-siren-225303.mp3,siren,20,20.0,0.0,4.3065,16000,1,16,0.071222,0.211005,0.0325489,False,Male,45-60,Bodo,Assam,Udalguri,Doctoral (PhD) or higher level,Freelance,Education and Research
S0930,S0930_snr_20dB_siren.wav,male_0644.wav,jeremayjimenez-bermuda-eas-alarm-2025-my-own-alarm-441470.mp3,siren,20,20.0,0.0,7.84,16000,1,16,0.095549,0.248528,0.03823913,False,Male,18-30,Nepali,West Bengal,Kalimpong,Post Graduate,Part Time,Social service
S0931,S0931_snr_20dB_gunshot.wav,male_0850.wav,52.mp3,gunshot,20,20.0,0.0,8.1279,16000,1,16,0.098069,0.067198,0.15047453,False,Male,18-30,Odia,Odisha,Sundergarh,Post Graduate,Full Time,Education and Research
S0932,S0932_snr_20dB_gunshot.wav,male_0301.wav,boom-impact-2(chosic.com).mp3,gunshot,20,20.0,0.0,9.0034,16000,1,16,0.186016,0.1423,0.13531464,False,Male,30-45,Urdu,Gujarat,Ahmedabad,Graduate,Full Time,Technology and Services
S0933,S0933_snr_20dB_gunshot.wav,male_0566.wav,20.mp3,gunshot,20,20.0,-0.0,3.3454,16000,1,16,0.048399,0.08,0.07464466,False,Male,30-45,Dogri,Jammu Kashmir,Jammu,Graduate,Full Time,Technology and Services
S0934,S0934_snr_20dB_gunshot.wav,male_0081.wav,51.mp3,gunshot,20,20.0,0.0,3.3676,16000,1,16,0.048899,0.134623,0.04260854,False,Male,60+,Odia,Odisha,Sundergarh,Graduate,Freelance,Education and Research
S0935,S0935_snr_20dB_gunshot.wav,male_0388.wav,"Loud,_sharp_shotgun__#2-1789002034170.mp3",gunshot,20,20.0,0.0,24.0624,16000,1,16,0.07202,0.104122,0.06925928,False,Male,30-45,Hindi,Gujarat,Vadodara,Post Graduate,Full Time,Information and Media
S0936,S0936_snr_20dB_gunshot.wav,male_0128.wav,37.mp3,gunshot,20,20.0,0.0,3.7989,16000,1,16,0.014308,0.124991,0.01200973,False,Male,45-60,Odia,Odisha,Puri,Doctoral (PhD) or higher level,Full Time,Education and Research
S0937,S0937_snr_20dB_gunshot.wav,male_0550.wav,military_gunshots_#3-1789002134780.mp3,gunshot,20,20.0,0.0,8.8493,16000,1,16,0.120986,0.164472,0.07616749,False,Male,18-30,Gujarati,Gujarat,Sabarkantha,Post Graduate,Full Time,Information and Media
S0938,S0938_snr_20dB_gunshot.wav,male_0471.wav,72.mp3,gunshot,20,20.0,0.0,3.94,16000,1,16,0.130526,0.135063,0.08582059,False,Male,30-45,Urdu,Gujarat,Ahmedabad,Graduate,Full Time,Technology and Services
S0939,S0939_snr_20dB_gunshot.wav,male_0748.wav,Loud_shotgun_blast_w_#2-1789002004208.mp3,gunshot,20,20.0,-0.0,19.0297,16000,1,16,0.018171,0.216882,0.00861381,False,Male,30-45,Malayalam,Kerala,Palakkad,Post Graduate,Full Time,Technology and Services
S0940,S0940_snr_20dB_gunshot.wav,male_0045.wav,6.mp3,gunshot,20,20.0,0.0,4.1816,16000,1,16,0.000883,0.169644,0.00049086,False,Male,45-60,Kashmiri,Jammu Kashmir,Srinagar,Doctoral (PhD) or higher level,Full Time,Education and Research
S0941,S0941_snr_20dB_gunshot.wav,male_0827.wav,18.mp3,gunshot,20,20.0,0.0,12.1056,16000,1,16,0.047008,0.130796,0.03841257,False,Male,18-30,Hindi,Maharashtra,Pune,Under Graduate Student,Freelance,Financial Services (Banking and Insurance)
S0942,S0942_snr_20dB_gunshot.wav,male_0271.wav,17.mp3,gunshot,20,20.0,0.0,5.6018,16000,1,16,0.073072,0.201147,0.03858437,False,Male,30-45,Bengali,West Bengal,Kolkata,Graduate,Freelance,Entertainment
S0943,S0943_snr_20dB_gunshot.wav,male_0619.wav,75.mp3,gunshot,20,20.0,0.0,7.5758,16000,1,16,0.186052,0.071973,0.24540623,False,Male,30-45,Urdu,Gujarat,Ahmedabad,Graduate,Full Time,Technology and Services
S0944,S0944_snr_20dB_gunshot.wav,male_0353.wav,30.mp3,gunshot,20,20.0,0.0,3.7941,16000,1,16,0.089195,0.230979,0.03635555,False,Male,30-45,Bengali,West Bengal,Kolkata,Graduate,Freelance,Entertainment
S0945,S0945_snr_20dB_gunshot.wav,male_0868.wav,pistol_gun_sounds_#2-1789002355117.mp3,gunshot,20,20.0,0.0,10.9,16000,1,16,0.062401,0.088185,0.07387472,False,Male,45-60,Kannada,Karnataka,Shimoga,Post Graduate,Other,Manufacturing
S0946,S0946_snr_20dB_gunshot.wav,male_0368.wav,32.mp3,gunshot,20,20.0,0.0,3.8228,16000,1,16,0.085423,0.065392,0.13613593,False,Male,45-60,Telugu,Telangana,Hyderabad,Doctoral (PhD) or higher level,Full Time,Education and Research
S0947,S0947_snr_20dB_gunshot.wav,male_0100.wav,8.mp3,gunshot,20,20.0,0.0,3.979,16000,1,16,0.104343,0.08942,0.11456317,False,Male,18-30,Odia,Odisha,Sundergarh,Post Graduate,Full Time,Education and Research
S0948,S0948_snr_20dB_gunshot.wav,male_0390.wav,45.mp3,gunshot,20,20.0,-0.0,4.2726,16000,1,16,0.001493,0.084617,0.00184462,False,Male,45-60,Kashmiri,Jammu Kashmir,Srinagar,Doctoral (PhD) or higher level,Full Time,Education and Research
S0949,S0949_snr_20dB_gunshot.wav,male_0095.wav,flying-drone-2jqtqgin.wav,gunshot,20,20.0,0.0,4.7417,16000,1,16,0.084064,0.179306,0.04881598,False,Male,45-60,Nepali,Meghalaya,Ri Bhoi,Post Graduate,Full Time,Education and Research
S0950,S0950_snr_20dB_gunshot.wav,male_0991.wav,75.mp3,gunshot,20,20.0,0.0,7.4192,16000,1,16,0.024134,0.071973,0.03569505,False,Male,30-45,Maithili,Bihar,Darbhanga,Post Graduate,Full Time,Education and Research
S0951,S0951_snr_20dB_gunshot.wav,male_0345.wav,6.mp3,gunshot,20,20.0,0.0,25.8657,16000,1,16,0.051404,0.169644,0.02991211,False,Male,30-45,Maithili,Bihar,Samastipur,Doctoral (PhD) or higher level,Full Time,Education and Research
S0952,S0952_snr_20dB_gunshot.wav,male_0782.wav,49.mp3,gunshot,20,20.0,0.0,5.905,16000,1,16,0.024735,0.130796,0.01953361,False,Male,30-45,Maithili,Bihar,Darbhanga,Post Graduate,Full Time,Education and Research
S0953,S0953_snr_20dB_gunshot.wav,male_0221.wav,dark-horror-drone-based-o-i2vn7k2r.wav,gunshot,20,20.0,0.0,10.4198,16000,1,16,0.014965,0.14089,0.01084256,False,Male,45-60,Odia,Odisha,Puri,Doctoral (PhD) or higher level,Full Time,Education and Research
S0954,S0954_snr_20dB_gunshot.wav,male_0160.wav,40.mp3,gunshot,20,20.0,0.0,5.4354,16000,1,16,0.008459,0.072735,0.01219098,False,Male,30-45,Sindhi,Rajasthan,Ajmer,Post Graduate,Part Time,Government
S0955,S0955_snr_20dB_helicopter.wav,male_0965.wav,343685__elementrs2__helicopter-1.wav,helicopter,20,20.0,0.0,3.1892,16000,1,16,0.178003,0.03244,0.52318179,False,Male,18-30,Odia,Odisha,Sundergarh,Post Graduate,Full Time,Education and Research
S0956,S0956_snr_20dB_helicopter.wav,male_0349.wav,253643__towers4223__helicoper.wav,helicopter,20,20.0,-0.0,9.6174,16000,1,16,0.133447,0.052102,0.28301036,False,Male,30-45,Urdu,Gujarat,Ahmedabad,Graduate,Full Time,Technology and Services
S0957,S0957_snr_20dB_helicopter.wav,male_0984.wav,freesound_community-flying-military-jets-27631.mp3,helicopter,20,20.0,0.0,18.8171,16000,1,16,0.084345,0.168283,0.07315998,False,Male,18-30,Odia,Odisha,Sundergarh,Post Graduate,Full Time,Education and Research
S0958,S0958_snr_20dB_helicopter.wav,male_0715.wav,freesound_community-helicopter-overhead-pass-pretty-good-77mel-190404-24206.mp3,helicopter,20,20.0,0.0,5.5497,16000,1,16,0.123936,0.058448,0.20661829,False,Male,18-30,Assamese,Assam,Kamrup Metropolitan,Post Graduate,Full Time,Education and Research
S0959,S0959_snr_20dB_helicopter.wav,male_0164.wav,514916__joseignaciotriay__helicopter-blackhawk-medium-pass-bye.wav,helicopter,20,20.0,0.0,15.5416,16000,1,16,0.076354,0.014232,0.45787172,False,Male,45-60,Telugu,Telangana,Hyderabad,Doctoral (PhD) or higher level,Full Time,Education and Research
S0960,S0960_snr_20dB_helicopter.wav,male_0826.wav,dragon-studio-helicopter-sound-1-372462.mp3,helicopter,20,20.0,0.0,8.16,16000,1,16,0.114215,0.437543,0.02607083,False,Male,18-30,Nepali,West Bengal,Kalimpong,Post Graduate,Part Time,Social service
S0961,S0961_snr_20dB_helicopter.wav,male_0778.wav,721621__sduggysounds__helicopter-fly-by-in-the-woods (1).wav,helicopter,20,20.0,0.0,6.4381,16000,1,16,0.024474,0.004208,0.46268619,False,Male,30-45,Maithili,Bihar,Darbhanga,Post Graduate,Full Time,Education and Research
S0962,S0962_snr_20dB_helicopter.wav,male_0007.wav,freesound_community-helicopter-mouth-69093.mp3,helicopter,20,20.0,0.0,3.4501,16000,1,16,0.051895,0.037599,0.24767615,False,Male,60+,Konkani,Goa,North Goa,Graduate,Full Time,Financial Services (Banking and Insurance)
S0963,S0963_snr_20dB_helicopter.wav,male_0891.wav,aatreya_v-fan-sound-extreme-close-up-helicopter-sound-286921.mp3,helicopter,20,20.0,0.0,3.5946,16000,1,16,0.017253,0.091564,0.01774085,False,Male,30-45,Maithili,Bihar,Darbhanga,Post Graduate,Full Time,Education and Research
S0964,S0964_snr_20dB_helicopter.wav,male_0829.wav,magiaz-helicopter-3-331272.mp3,helicopter,20,20.0,0.0,8.1548,16000,1,16,0.128736,0.049158,0.25995398,False,Male,18-30,Nepali,West Bengal,Kalimpong,Post Graduate,Part Time,Social service
S0965,S0965_snr_20dB_helicopter.wav,male_0285.wav,freesound_community-helicopter-flying-in-downtown-27332.mp3,helicopter,20,20.0,0.0,7.7195,16000,1,16,0.049712,0.038778,0.08982971,False,Male,45-60,Bodo,Assam,Udalguri,Doctoral (PhD) or higher level,Freelance,Education and Research
S0966,S0966_snr_20dB_helicopter.wav,male_0604.wav,u_xg7ssi08yr-helicopter-355444.mp3,helicopter,20,20.0,0.0,3.9258,16000,1,16,0.098946,0.117332,0.04848805,False,Male,60+,Konkani,Goa,North Goa,Graduate,Full Time,Financial Services (Banking and Insurance)
S0967,S0967_snr_20dB_helicopter.wav,male_0460.wav,freesound_community-019770_military-helicoptersw2wav-53828.mp3,helicopter,20,20.0,0.0,5.5931,16000,1,16,0.082802,0.051583,0.68537758,False,Male,30-45,Konkani,Goa,North Goa,Post Graduate,Full Time,Education and Research
S0968,S0968_snr_20dB_helicopter.wav,male_0226.wav,koiroylers-helicopter-overhead-351968.mp3,helicopter,20,20.0,0.0,6.7156,16000,1,16,0.094248,0.195781,0.05044835,False,Male,18-30,Nepali,West Bengal,Kalimpong,Post Graduate,Part Time,Social service
S0969,S0969_snr_20dB_helicopter.wav,male_0430.wav,ElevenLabs_Police_helicopter_hovering_over_the_city_center_Police_communications_heard_over_comms_with_no_clea.mp3,helicopter,20,20.0,0.0,8.8513,16000,1,16,0.153361,0.065422,0.29690822,False,Male,18-30,Gujarati,Gujarat,Sabarkantha,Post Graduate,Full Time,Information and Media
S0970,S0970_snr_20dB_helicopter.wav,male_0987.wav,223478__copyc4t__luckylittlehelicopter.flac,helicopter,20,20.0,0.0,6.7119,16000,1,16,0.062898,0.778973,0.00837708,False,Male,18-30,Konkani,Goa,South Goa,Post Graduate,Full Time,Technology and Services
S0971,S0971_snr_20dB_helicopter.wav,male_0719.wav,187678__qubodup__helicopter-loop.flac,helicopter,20,20.0,0.0,7.0993,16000,1,16,0.038439,0.31558,0.01225385,False,Male,18-30,Kannada,Karnataka,Bangalore Urban,Graduate,Part Time,Information and Media
S0972,S0972_snr_20dB_helicopter.wav,male_0666.wav,514918__joseignaciotriay__helicopter-blackhawk-hover-and-away.wav,helicopter,20,20.0,0.0,3.641,16000,1,16,0.138247,0.03819,0.84448799,False,Male,30-45,Malayalam,Kerala,Palakkad,Post Graduate,Full Time,Technology and Services
S0973,S0973_snr_20dB_helicopter.wav,male_0734.wav,spinopel-patrol-helicopter-492028.mp3,helicopter,20,20.0,0.0,24.5644,16000,1,16,0.059432,0.137112,0.04300938,False,Male,30-45,Marathi,Maharashtra,Raigad,Post Graduate,Full Time,Education and Research
S0974,S0974_snr_20dB_helicopter.wav,male_0204.wav,156678__john-sipos__blackhawk.wav,helicopter,20,20.0,0.0,5.8641,16000,1,16,0.059708,0.117571,0.0511775,False,Male,45-60,Kannada,Karnataka,Shimoga,Post Graduate,Other,Manufacturing
S0975,S0975_snr_20dB_helicopter.wav,male_0575.wav,553509__martineerok__helicopter_passing_by.wav,helicopter,20,20.0,0.0,13.0608,16000,1,16,0.001313,0.054081,0.00583924,False,Male,45-60,Kashmiri,Jammu Kashmir,Srinagar,Doctoral (PhD) or higher level,Full Time,Education and Research
S0976,S0976_snr_20dB_helicopter.wav,male_0028.wav,freesound_community-helicopter-1-77580.mp3,helicopter,20,20.0,0.0,3.2119,16000,1,16,0.041004,0.058764,0.06649854,False,Male,18-30,Konkani,Goa,South Goa,Post Graduate,Full Time,Technology and Services
S0977,S0977_snr_20dB_helicopter.wav,male_0617.wav,mixkit-helicopter-flying-far-away-2696.wav,helicopter,20,20.0,0.0,5.9944,16000,1,16,0.024811,0.153491,0.02109616,False,Male,30-45,Kannada,Karnataka,Bangalore Urban,Post Graduate,Full Time,Education and Research
S0978,S0978_snr_20dB_wind.wav,male_0518.wav,storegraphic-soft-wind-314945.mp3,wind,20,20.0,-0.0,7.92,16000,1,16,0.162236,0.001565,12.4776917,False,Male,30-45,Punjabi,Punjab,Mansa,Post Graduate,Full Time,Government
S0979,S0979_snr_20dB_wind.wav,male_0239.wav,ElevenLabs_Cinematic_wind_whoosh.mp3,wind,20,20.0,0.0,4.7511,16000,1,16,0.074384,0.081754,0.07749888,False,Male,45-60,Telugu,Telangana,Hyderabad,Doctoral (PhD) or higher level,Full Time,Education and Research
S0980,S0980_snr_20dB_wind.wav,male_0224.wav,dragon-studio-loud-wind-429220.mp3,wind,20,20.0,0.0,7.1401,16000,1,16,0.023896,0.149665,0.01761251,False,Male,30-45,Maithili,Bihar,Darbhanga,Post Graduate,Full Time,Education and Research
S0981,S0981_snr_20dB_wind.wav,male_0096.wav,soundreality-wind-caves-high-sfx-522604.mp3,wind,20,20.0,0.0,4.4412,16000,1,16,0.10919,0.171917,0.06182153,False,Male,30-45,Marathi,Maharashtra,Raigad,Post Graduate,Full Time,Education and Research
S0982,S0982_snr_20dB_wind.wav,male_0031.wav,magiaz-windstorm-407324.mp3,wind,20,20.0,0.0,6.8881,16000,1,16,0.072583,0.181382,0.03976445,False,Male,18-30,Malayalam,Kerala,Malappuram,Graduate,Full Time,Technology and Services
S0983,S0983_snr_20dB_wind.wav,male_0033.wav,tanweraman-tent-flapping-in-wind-350429.mp3,wind,20,20.0,-0.0,7.6633,16000,1,16,0.093014,0.033273,0.25802325,False,Male,30-45,Maithili,Bihar,Samastipur,Doctoral (PhD) or higher level,Full Time,Education and Research
S0984,S0984_snr_20dB_wind.wav,male_0433.wav,hope-sounds-wind(chosic.com).mp3,wind,20,20.0,0.0,3.8333,16000,1,16,0.001405,0.034261,0.00366981,False,Male,45-60,Kashmiri,Jammu Kashmir,Srinagar,Doctoral (PhD) or higher level,Full Time,Education and Research
S0985,S0985_snr_20dB_wind.wav,male_0605.wav,spinopel-small-wind-272153.mp3,wind,20,20.0,-0.0,5.2067,16000,1,16,0.120739,0.049207,0.31032353,False,Male,30-45,Urdu,Gujarat,Ahmedabad,Graduate,Full Time,Technology and Services
S0986,S0986_snr_20dB_wind.wav,male_0090.wav,soundreality-wind-tone-room-sfx-522611.mp3,wind,20,20.0,0.0,14.3307,16000,1,16,0.074555,0.204836,0.03547721,False,Male,45-60,Telugu,Telangana,Hyderabad,Doctoral (PhD) or higher level,Full Time,Education and Research
S0987,S0987_snr_20dB_wind.wav,male_0559.wav,dragon-studio-gentle-wind-gusts-447502.mp3,wind,20,20.0,0.0,6.7351,16000,1,16,0.074246,0.100979,0.0625943,False,Male,30-45,Konkani,Goa,North Goa,Post Graduate,Full Time,Education and Research
S0988,S0988_snr_20dB_wind.wav,male_0914.wav,tanweraman-desert-wind-1-350398.mp3,wind,20,20.0,-0.0,5.7021,16000,1,16,0.026095,0.037229,0.10310457,False,Male,30-45,Maithili,Bihar,Darbhanga,Post Graduate,Full Time,Education and Research
S0989,S0989_snr_20dB_wind.wav,male_0759.wav,dragon-studio-eerie-wind-478386.mp3,wind,20,20.0,0.0,5.28,16000,1,16,0.035313,0.12023,0.02367826,False,Male,30-45,Dogri,Jammu Kashmir,Jammu,Graduate,Full Time,Technology and Services
S0990,S0990_snr_20dB_wind.wav,male_0693.wav,freesound_community-wind-on-microphone-22410.mp3,wind,20,20.0,0.0,7.6363,16000,1,16,0.070079,0.029612,0.24907505,False,Male,60+,Konkani,Goa,North Goa,Graduate,Full Time,Financial Services (Banking and Insurance)
S0991,S0991_snr_20dB_wind.wav,male_0105.wav,freesound_community-synth-wind-25628.mp3,wind,20,20.0,0.0,4.8375,16000,1,16,0.097469,0.06485,0.13160972,False,Male,45-60,Urdu,Gujarat,Ahmedabad,Diploma Holder,Other,Government
S0992,S0992_snr_20dB_wind.wav,male_0755.wav,soundreality-darkness-wind-594962.mp3,wind,20,20.0,0.0,14.6932,16000,1,16,0.028231,0.170023,0.01562486,False,Male,30-45,Maithili,Bihar,Darbhanga,Post Graduate,Full Time,Education and Research
S0993,S0993_snr_20dB_wind.wav,male_0143.wav,dragon-studio-spooky-wind-429221.mp3,wind,20,20.0,0.0,15.8172,16000,1,16,0.045182,0.099487,0.04627656,False,Male,45-60,Bodo,Assam,Udalguri,Doctoral (PhD) or higher level,Freelance,Education and Research
S0994,S0994_snr_20dB_wind.wav,male_0229.wav,ronkoster2023-heavy-rain-amp-wind-1021-min-rk-177371.mp3,wind,20,20.0,0.0,5.6966,16000,1,16,0.067352,0.03229,0.23208248,False,Male,60+,Konkani,Goa,North Goa,Graduate,Full Time,Financial Services (Banking and Insurance)
S0995,S0995_snr_20dB_wind.wav,male_0251.wav,dragon-studio-scary-wind-429222.mp3,wind,20,20.0,-0.0,3.1178,16000,1,16,0.126254,0.225927,0.09308518,False,Male,30-45,Malayalam,Kerala,Palakkad,Post Graduate,Full Time,Technology and Services
S0996,S0996_snr_20dB_wind.wav,male_0282.wav,wind-breeze-02.mp3,wind,20,20.0,0.0,7.8946,16000,1,16,0.133051,0.117747,0.11158455,False,Male,18-30,Nepali,West Bengal,Kalimpong,Post Graduate,Part Time,Social service
S0997,S0997_snr_20dB_wind.wav,male_0760.wav,dragon-studio-gust-of-wind-511325.mp3,wind,20,20.0,-0.0,9.7546,16000,1,16,0.044847,0.134837,0.03319755,False,Male,18-30,Assamese,Assam,Lakhimpur,Post Graduate,Full Time,Technology and Services
S0998,S0998_snr_20dB_wind.wav,male_0026.wav,dragon-studio-wind-blowing-sfx-01-423673.mp3,wind,20,20.0,0.0,9.2609,16000,1,16,0.011444,0.123635,0.01041437,False,Male,30-45,Maithili,Bihar,Sitamarhi,Graduate,Part Time,Education and Research
S0999,S0999_snr_20dB_wind.wav,male_0115.wav,ElevenLabs_Gentle_wind.mp3,wind,20,20.0,-0.0,3.5064,16000,1,16,0.085353,0.027773,0.29031702,False,Male,18-30,Odia,Odisha,Sundergarh,Post Graduate,Full Time,Education and Research
S1000,S1000_snr_20dB_wind.wav,male_0655.wav,soundreality-wind-dry-low-sfx-521893.mp3,wind,20,20.0,0.0,4.7375,16000,1,16,0.038394,0.247661,0.01498434,False,Male,18-30,Hindi,Maharashtra,Pune,Under Graduate Student,Freelance,Financial Services (Banking and Insurance)
